ds,Open,High,Low,Close,Volume
2019-08-23 09:35:00,137.1924,137.7183,137.1178,137.2491,1020605.0
2019-08-23 09:40:00,137.28,137.52,137.15,137.262,382505.0
2019-08-23 09:45:00,137.25,137.47,137.155,137.215,240046.0
2019-08-23 09:50:00,137.2,137.28,136.525,136.55,348050.0
2019-08-23 09:55:00,136.545,136.62,136.33,136.43,353626.0
2019-08-23 10:00:00,136.43,136.68,136.42,136.66,258573.0
2019-08-23 10:05:00,136.69,136.72,136.63,136.71,225244.0
2019-08-23 10:10:00,137.25,137.47,137.11,137.11,805489.0
2019-08-23 10:15:00,137.1127,137.398,136.8676,137.2927,336155.0
2019-08-23 10:20:00,137.3555,137.6618,137.3515,137.4055,259976.0
2019-08-23 10:25:00,137.35,137.6,137.315,137.51,198114.0
2019-08-23 10:30:00,137.38,137.55,137.33,137.4464,209821.0
2019-08-23 10:35:00,137.47,137.73,137.35,137.64,179501.0
2019-08-23 10:40:00,137.6788,138.18,137.61,138.17,388551.0
2019-08-23 10:45:00,138.18,138.2832,138.03,138.03,306961.0
2019-08-23 10:50:00,138.04,138.12,137.87,137.9201,259288.0
2019-08-23 10:55:00,137.96,138.35,137.95,138.24,253571.0
2019-08-23 11:00:00,138.23,138.29,137.73,137.85,403104.0
2019-08-23 11:05:00,137.8627,138.0984,136.3072,136.5027,1024044.0
2019-08-23 11:10:00,136.48,136.655,135.39,135.39,841022.0
2019-08-23 11:15:00,135.4251,136.0474,135.1866,135.6351,599021.0
2019-08-23 11:20:00,135.6143,136.2235,135.5629,136.0643,421490.0
2019-08-23 11:25:00,136.06,136.06,135.5,135.53,304341.0
2019-08-23 11:30:00,135.52,135.8,135.32,135.43,456646.0
2019-08-23 11:35:00,135.4722,135.7074,134.9568,134.9972,645338.0
2019-08-23 11:40:00,134.9936,135.2509,134.8706,134.9218,343823.0
2019-08-23 11:45:00,134.9123,135.2515,134.8811,135.1244,340099.0
2019-08-23 11:50:00,135.11,135.125,134.71,134.739,407948.0
2019-08-23 11:55:00,134.74,134.87,134.6,134.71,389145.0
2019-08-23 12:00:00,134.71,134.84,134.31,134.31,405772.0
2019-08-23 12:05:00,134.325,134.4859,134.2156,134.272,482887.0
2019-08-23 12:10:00,134.2643,134.3917,133.9993,134.1943,554728.0
2019-08-23 12:15:00,134.1748,134.6149,134.1745,134.4648,416152.0
2019-08-23 12:20:00,134.45,134.52,134.23,134.2549,389096.0
2019-08-23 12:25:00,134.2622,134.3863,133.9959,134.0022,418287.0
2019-08-23 12:30:00,134.05,134.08,133.78,133.83,329878.0
2019-08-23 12:35:00,133.82,134.27,133.79,134.24,291158.0
2019-08-23 12:40:00,134.24,134.36,134.18,134.27,238297.0
2019-08-23 12:45:00,134.27,134.37,134.15,134.21,273190.0
2019-08-23 12:50:00,134.2,134.2,134.01,134.0168,254493.0
2019-08-23 12:55:00,134.02,134.09,133.87,133.89,339815.0
2019-08-23 13:00:00,133.89,134.3,133.84,134.23,434686.0
2019-08-23 13:05:00,134.23,134.23,133.91,133.93,400950.0
2019-08-23 13:10:00,133.9302,134.015,133.73,133.75,400161.0
2019-08-23 13:15:00,133.7422,133.9759,133.6757,133.7522,600136.0
2019-08-23 13:20:00,133.75,133.75,133.25,133.29,540699.0
2019-08-23 13:25:00,133.29,133.369,133.17,133.2365,365422.0
2019-08-23 13:30:00,133.235,133.31,133.13,133.21,357525.0
2019-08-23 13:35:00,133.21,133.5438,133.17,133.44,276665.0
2019-08-23 13:40:00,133.4463,133.68,133.41,133.61,246346.0
2019-08-23 13:45:00,133.6354,133.8881,133.5478,133.7254,353651.0
2019-08-23 13:50:00,133.71,134.1266,133.63,133.9502,420184.0
2019-08-23 13:55:00,133.96,134.2,133.8684,134.14,224372.0
2019-08-23 14:00:00,134.14,134.19,133.98,134.11,169982.0
2019-08-23 14:05:00,133.94,134.01,133.91,133.98,72388.0
2019-08-23 14:10:00,133.91,133.98,133.72,133.8,403165.0
2019-08-23 14:15:00,133.81,133.83,133.67,133.69,138608.0
2019-08-23 14:20:00,133.7097,133.86,133.613,133.68,157113.0
2019-08-23 14:25:00,133.69,133.7987,133.62,133.775,101947.0
2019-08-23 14:30:00,133.77,133.83,133.66,133.78,143368.0
2019-08-23 14:35:00,133.7861,133.97,133.78,133.94,157124.0
2019-08-23 14:40:00,133.94,133.94,133.5816,133.59,198491.0
2019-08-23 14:45:00,133.61,133.72,133.5,133.53,211099.0
2019-08-23 14:50:00,133.5222,133.7657,133.5155,133.5322,281727.0
2019-08-23 14:55:00,133.53,133.77,133.51,133.51,261324.0
2019-08-23 15:00:00,133.5,133.75,133.48,133.68,205307.0
2019-08-23 15:05:00,133.6843,133.8601,133.6499,133.7143,221764.0
2019-08-23 15:10:00,133.7,133.99,133.69,133.78,380235.0
2019-08-23 15:15:00,133.7956,133.9487,133.4157,133.4856,386577.0
2019-08-23 15:20:00,133.47,133.71,133.415,133.57,309980.0
2019-08-23 15:25:00,133.59,133.6,133.35,133.4,364474.0
2019-08-23 15:30:00,133.39,133.46,133.175,133.24,446584.0
2019-08-23 15:35:00,133.25,133.49,133.16,133.365,577133.0
2019-08-23 15:40:00,133.3622,133.5255,133.3454,133.3722,447506.0
2019-08-23 15:45:00,133.36,133.48,133.28,133.33,631406.0
2019-08-23 15:50:00,133.345,133.58,133.22,133.24,731260.0
2019-08-23 15:55:00,133.24,133.36,132.93,132.95,1472686.0
2019-08-23 16:00:00,132.95,135.31,132.81,133.4,2800483.0
2019-08-26 09:35:00,134.9922,135.3972,134.7466,134.9422,1222003.0
2019-08-26 09:40:00,134.9335,135.281,134.8079,134.8863,495512.0
2019-08-26 09:45:00,134.89,134.92,134.41,134.4448,425245.0
2019-08-26 09:50:00,134.46,134.56,134.15,134.2142,388617.0
2019-08-26 09:55:00,134.2007,134.55,134.16,134.47,302174.0
2019-08-26 10:00:00,134.46,134.81,134.36,134.76,233226.0
2019-08-26 10:05:00,134.76,134.94,134.7225,134.74,202129.0
2019-08-26 10:10:00,134.75,134.76,134.35,134.38,177220.0
2019-08-26 10:15:00,134.3922,134.6165,134.2061,134.2822,268414.0
2019-08-26 10:20:00,134.2735,134.5352,134.0297,134.0335,303515.0
2019-08-26 10:25:00,134.03,134.195,133.95,134.058,213205.0
2019-08-26 10:30:00,134.055,134.6,133.98,134.5675,348981.0
2019-08-26 10:35:00,134.5706,134.7395,134.4287,134.5156,171968.0
2019-08-26 10:40:00,134.505,134.636,134.3958,134.405,188462.0
2019-08-26 10:45:00,134.3954,134.6694,134.1884,134.4754,197867.0
2019-08-26 10:50:00,134.4948,134.8852,134.4064,134.6448,345199.0
2019-08-26 10:55:00,134.62,134.85,134.6,134.76,303614.0
2019-08-26 11:00:00,134.73,134.75,134.47,134.64,153352.0
2019-08-26 11:05:00,134.64,134.88,134.54,134.82,171846.0
2019-08-26 11:10:00,134.84,134.89,134.7,134.79,199140.0
2019-08-26 11:15:00,134.58,135.09,134.51,134.98,377365.0
2019-08-26 11:20:00,134.9926,135.2063,134.746,134.7626,217514.0
2019-08-26 11:25:00,134.78,135.05,134.75,134.98,124971.0
2019-08-26 11:30:00,135.0,135.07,134.92,135.01,166899.0
2019-08-26 11:35:00,134.98,135.05,134.9,134.95,210792.0
2019-08-26 11:40:00,134.96,135.16,134.96,135.11,205300.0
2019-08-26 11:45:00,135.1,135.14,134.83,134.83,207217.0
2019-08-26 11:50:00,134.83,135.03,134.73,134.9834,176040.0
2019-08-26 11:55:00,134.99,135.0,134.83,134.88,94200.0
2019-08-26 12:00:00,134.89,135.02,134.88,134.98,115805.0
2019-08-26 12:05:00,134.99,135.01,134.87,134.91,114168.0
2019-08-26 12:10:00,134.925,135.09,134.91,134.98,129140.0
2019-08-26 12:15:00,135.01,135.1,134.93,134.93,112032.0
2019-08-26 12:20:00,134.93,135.04,134.87,134.8791,79911.0
2019-08-26 12:25:00,134.89,135.44,134.89,135.322,284409.0
2019-08-26 12:30:00,135.33,135.45,135.14,135.18,250412.0
2019-08-26 12:35:00,135.2,135.3,135.08,135.09,321296.0
2019-08-26 12:40:00,135.09,135.18,135.075,135.145,133122.0
2019-08-26 12:45:00,135.14,135.24,135.07,135.15,119713.0
2019-08-26 12:50:00,135.14,135.19,135.08,135.145,88227.0
2019-08-26 12:55:00,135.1481,135.2063,135.0575,135.2063,92033.0
2019-08-26 13:00:00,135.22,135.29,135.1,135.18,105802.0
2019-08-26 13:05:00,135.18,135.3,135.18,135.2827,149094.0
2019-08-26 13:10:00,135.29,135.32,135.18,135.28,136783.0
2019-08-26 13:15:00,135.28,135.28,135.01,135.01,126166.0
2019-08-26 13:20:00,135.02,135.07,134.89,134.96,90917.0
2019-08-26 13:25:00,134.96,135.0,134.93,134.97,98005.0
2019-08-26 13:30:00,134.98,135.03,134.95,134.99,80736.0
2019-08-26 13:35:00,135.0,135.01,134.84,134.9,90796.0
2019-08-26 13:40:00,134.91,135.0,134.9,134.9389,61678.0
2019-08-26 13:45:00,134.94,135.02,134.92,134.97,69275.0
2019-08-26 13:50:00,134.9713,135.04,134.95,135.005,84048.0
2019-08-26 13:55:00,135.01,135.04,134.93,134.945,83157.0
2019-08-26 14:00:00,134.93,134.95,134.82,134.95,144054.0
2019-08-26 14:05:00,134.95,134.99,134.73,134.755,175211.0
2019-08-26 14:10:00,134.76,134.94,134.74,134.86,227793.0
2019-08-26 14:15:00,134.86,134.875,134.79,134.83,116018.0
2019-08-26 14:20:00,134.83,134.94,134.77,134.79,144910.0
2019-08-26 14:25:00,134.792,134.91,134.73,134.82,122793.0
2019-08-26 14:30:00,134.82,134.84,134.74,134.82,93248.0
2019-08-26 14:35:00,134.82,135.07,134.77,134.89,159096.0
2019-08-26 14:40:00,134.9,134.96,134.85,134.935,85843.0
2019-08-26 14:45:00,134.9339,135.05,134.9,134.925,108985.0
2019-08-26 14:50:00,134.92,134.99,134.91,134.9335,90283.0
2019-08-26 14:55:00,134.95,135.0,134.87,134.94,94914.0
2019-08-26 15:00:00,134.93,135.01,134.86,135.0,138935.0
2019-08-26 15:05:00,134.99,135.2908,134.97,135.09,309260.0
2019-08-26 15:10:00,135.08,135.11,134.85,134.94,164794.0
2019-08-26 15:15:00,134.95,135.11,134.92,135.06,147052.0
2019-08-26 15:20:00,135.06,135.2,134.99,135.18,189591.0
2019-08-26 15:25:00,135.18,135.18,135.03,135.05,155865.0
2019-08-26 15:30:00,135.0525,135.1,134.98,134.99,181263.0
2019-08-26 15:35:00,135.0,135.15,134.99,135.03,227800.0
2019-08-26 15:40:00,135.02,135.09,134.87,134.91,193168.0
2019-08-26 15:45:00,134.9,134.94,134.7687,134.7687,180979.0
2019-08-26 15:50:00,134.76,134.92,134.76,134.85,250665.0
2019-08-26 15:55:00,134.85,135.3,134.85,135.27,579843.0
2019-08-26 16:00:00,135.27,135.57,135.22,135.54,1124779.0
2019-08-27 09:35:00,136.3944,136.6628,136.2124,136.3094,968284.0
2019-08-27 09:40:00,136.28,136.52,136.26,136.43,393579.0
2019-08-27 09:45:00,136.44,136.57,136.33,136.36,304312.0
2019-08-27 09:50:00,136.36,136.715,136.35,136.58,825827.0
2019-08-27 09:55:00,136.5955,136.8109,136.3105,136.3555,394497.0
2019-08-27 10:00:00,136.35,136.66,136.32,136.52,302276.0
2019-08-27 10:05:00,136.53,136.66,136.43,136.51,246457.0
2019-08-27 10:10:00,136.52,136.72,136.49,136.5175,196708.0
2019-08-27 10:15:00,136.53,136.64,136.4997,136.61,218445.0
2019-08-27 10:20:00,136.6206,136.67,136.415,136.49,173869.0
2019-08-27 10:25:00,136.5007,136.7014,136.2209,136.2772,215366.0
2019-08-27 10:30:00,136.26,136.265,136.11,136.12,223770.0
2019-08-27 10:35:00,136.13,136.27,136.0703,136.27,221568.0
2019-08-27 10:40:00,136.26,136.34,136.155,136.2643,131648.0
2019-08-27 10:45:00,136.27,136.37,136.245,136.345,144185.0
2019-08-27 10:50:00,136.36,136.42,136.25,136.2625,135373.0
2019-08-27 10:55:00,136.26,136.3,136.16,136.21,126733.0
2019-08-27 11:00:00,136.2,136.33,136.04,136.07,150234.0
2019-08-27 11:05:00,136.09,136.255,136.04,136.2,180027.0
2019-08-27 11:10:00,136.19,136.2356,136.06,136.06,140916.0
2019-08-27 11:15:00,136.0611,136.063,135.905,135.95,155830.0
2019-08-27 11:20:00,135.96,135.97,135.33,135.37,276807.0
2019-08-27 11:25:00,135.3596,135.6698,135.3596,135.5054,216742.0
2019-08-27 11:30:00,135.4911,135.6695,135.46,135.49,114583.0
2019-08-27 11:35:00,135.49,135.75,135.46,135.72,229811.0
2019-08-27 11:40:00,135.715,135.91,135.69,135.8397,180403.0
2019-08-27 11:45:00,135.83,135.93,135.7532,135.82,196252.0
2019-08-27 11:50:00,135.82,135.95,135.7,135.8,103409.0
2019-08-27 11:55:00,135.8,135.935,135.71,135.78,176265.0
2019-08-27 12:00:00,135.79,135.88,135.52,135.66,152267.0
2019-08-27 12:05:00,135.67,135.8,135.41,135.415,174053.0
2019-08-27 12:10:00,135.42,135.57,135.36,135.47,182331.0
2019-08-27 12:15:00,135.47,135.6,135.45,135.59,128237.0
2019-08-27 12:20:00,135.61,135.63,135.45,135.55,143749.0
2019-08-27 12:25:00,135.5283,135.68,135.505,135.6,99814.0
2019-08-27 12:30:00,135.61,135.685,135.58,135.58,106579.0
2019-08-27 12:35:00,135.57,135.64,135.23,135.27,223842.0
2019-08-27 12:40:00,135.26,135.32,135.08,135.08,136535.0
2019-08-27 12:45:00,135.0836,135.331,135.0708,135.2036,187220.0
2019-08-27 12:50:00,135.205,135.29,135.17,135.22,118225.0
2019-08-27 12:55:00,135.21,135.23,134.8,134.9,249558.0
2019-08-27 13:00:00,134.9,135.02,134.79,134.83,181709.0
2019-08-27 13:05:00,134.8054,135.1894,134.789,135.0454,228893.0
2019-08-27 13:10:00,135.03,135.18,134.91,135.0751,134257.0
2019-08-27 13:15:00,135.07,135.14,135.0,135.03,128168.0
2019-08-27 13:20:00,135.0222,135.1419,134.9428,135.0022,101373.0
2019-08-27 13:25:00,135.0,135.1,134.98,135.075,109544.0
2019-08-27 13:30:00,135.08,135.165,135.05,135.12,131334.0
2019-08-27 13:35:00,135.12,135.22,135.03,135.1401,97599.0
2019-08-27 13:40:00,135.1456,135.65,135.1456,135.4534,287728.0
2019-08-27 13:45:00,135.45,135.61,135.45,135.58,131253.0
2019-08-27 13:50:00,135.56,135.6269,135.53,135.61,118676.0
2019-08-27 13:55:00,135.6172,135.66,135.57,135.62,169535.0
2019-08-27 14:00:00,135.62,135.84,135.6,135.83,224585.0
2019-08-27 14:05:00,135.825,135.96,135.73,135.78,172652.0
2019-08-27 14:10:00,135.78,135.845,135.61,135.64,122816.0
2019-08-27 14:15:00,135.642,135.7,135.39,135.43,156161.0
2019-08-27 14:20:00,135.43,135.5718,135.36,135.55,103989.0
2019-08-27 14:25:00,135.56,135.63,135.5432,135.609,92287.0
2019-08-27 14:30:00,135.61,135.665,135.52,135.56,91411.0
2019-08-27 14:35:00,135.56,135.56,135.41,135.51,105948.0
2019-08-27 14:40:00,135.51,135.53,135.44,135.53,79029.0
2019-08-27 14:45:00,135.53,135.702,135.49,135.65,139575.0
2019-08-27 14:50:00,135.6543,135.8932,135.6455,135.7443,110290.0
2019-08-27 14:55:00,135.74,136.09,135.74,136.05,165046.0
2019-08-27 15:00:00,136.05,136.13,136.0,136.03,178516.0
2019-08-27 15:05:00,136.04,136.31,136.0001,136.2465,239108.0
2019-08-27 15:10:00,136.25,136.32,136.08,136.11,171320.0
2019-08-27 15:15:00,136.11,136.12,135.83,135.91,151380.0
2019-08-27 15:20:00,135.93,135.96,135.8,135.83,143852.0
2019-08-27 15:25:00,135.82,135.82,135.52,135.61,211990.0
2019-08-27 15:30:00,135.62,135.67,135.45,135.47,154645.0
2019-08-27 15:35:00,135.47,135.54,135.35,135.51,218408.0
2019-08-27 15:40:00,135.5,135.61,135.38,135.6,193479.0
2019-08-27 15:45:00,135.61,135.75,135.4801,135.51,216825.0
2019-08-27 15:50:00,135.51,135.78,135.49,135.71,241225.0
2019-08-27 15:55:00,135.715,135.72,135.335,135.415,361832.0
2019-08-27 16:00:00,135.4,135.96,135.16,135.75,1513105.0
2019-08-28 09:35:00,134.92,135.04,134.08,134.17,816729.0
2019-08-28 09:40:00,134.175,134.3558,133.7212,133.785,701848.0
2019-08-28 09:45:00,133.6954,134.3259,133.6779,134.1354,507717.0
2019-08-28 09:50:00,134.1448,134.3588,134.0744,134.1448,331747.0
2019-08-28 09:55:00,134.13,134.34,134.05,134.23,316245.0
2019-08-28 10:00:00,134.25,134.5,134.25,134.43,294155.0
2019-08-28 10:05:00,134.42,134.46,134.18,134.19,317423.0
2019-08-28 10:10:00,134.18,134.85,134.18,134.76,344483.0
2019-08-28 10:15:00,134.77,134.85,134.56,134.68,225293.0
2019-08-28 10:20:00,134.665,134.74,134.41,134.45,169276.0
2019-08-28 10:25:00,134.46,134.49,134.34,134.46,153933.0
2019-08-28 10:30:00,134.4501,134.55,134.3611,134.43,128545.0
2019-08-28 10:35:00,134.435,134.79,134.42,134.53,268963.0
2019-08-28 10:40:00,134.52,134.7,134.47,134.5,214930.0
2019-08-28 10:45:00,134.505,134.965,134.4542,134.86,256354.0
2019-08-28 10:50:00,134.86,134.89,134.73,134.8156,197832.0
2019-08-28 10:55:00,134.82,135.05,134.8,134.9933,281480.0
2019-08-28 11:00:00,134.98,135.01,134.87,134.88,79501.0
2019-08-28 11:05:00,134.915,134.9423,134.6603,134.72,179725.0
2019-08-28 11:10:00,134.755,134.8,134.64,134.775,171508.0
2019-08-28 11:15:00,134.78,134.81,134.6059,134.6666,120943.0
2019-08-28 11:20:00,134.665,134.74,134.57,134.615,164329.0
2019-08-28 11:25:00,134.62,135.005,134.58,134.8832,314543.0
2019-08-28 11:30:00,134.88,135.08,134.83,135.02,196947.0
2019-08-28 11:35:00,135.01,135.26,135.01,135.0457,190884.0
2019-08-28 11:40:00,135.06,135.13,134.93,135.045,362364.0
2019-08-28 11:45:00,135.055,135.27,135.01,135.19,157443.0
2019-08-28 11:50:00,135.21,135.298,135.14,135.1868,123778.0
2019-08-28 11:55:00,135.19,135.28,135.1469,135.275,146145.0
2019-08-28 12:00:00,135.28,135.3,135.08,135.1,167180.0
2019-08-28 12:05:00,135.11,135.195,135.11,135.1925,147126.0
2019-08-28 12:10:00,135.19,135.255,135.1768,135.19,84631.0
2019-08-28 12:15:00,135.19,135.195,135.04,135.05,107949.0
2019-08-28 12:20:00,135.06,135.27,135.05,135.2651,101575.0
2019-08-28 12:25:00,135.2625,135.315,135.18,135.2,129999.0
2019-08-28 12:30:00,135.2,135.22,135.075,135.12,91169.0
2019-08-28 12:35:00,135.12,135.19,135.11,135.13,93971.0
2019-08-28 12:40:00,135.14,135.18,134.97,134.9876,145999.0
2019-08-28 12:45:00,134.99,135.02,134.925,134.925,78361.0
2019-08-28 12:50:00,134.9289,134.975,134.89,134.9156,146014.0
2019-08-28 12:55:00,134.92,135.14,134.87,135.09,175192.0
2019-08-28 13:00:00,135.09,135.21,135.05,135.17,154122.0
2019-08-28 13:05:00,135.1841,135.3127,135.1725,135.1793,144179.0
2019-08-28 13:10:00,135.18,135.26,135.1,135.1368,160104.0
2019-08-28 13:15:00,135.14,135.26,134.95,134.97,258855.0
2019-08-28 13:20:00,134.96,135.13,134.93,135.1251,76103.0
2019-08-28 13:25:00,135.12,135.2377,135.12,135.17,90111.0
2019-08-28 13:30:00,135.19,135.23,135.15,135.215,69832.0
2019-08-28 13:35:00,135.2227,135.3865,135.2163,135.2827,111914.0
2019-08-28 13:40:00,135.2763,135.39,135.25,135.3458,121905.0
2019-08-28 13:45:00,135.34,135.3699,135.25,135.26,71920.0
2019-08-28 13:50:00,135.27,135.39,135.2,135.35,105054.0
2019-08-28 13:55:00,135.38,135.39,135.2,135.21,94848.0
2019-08-28 14:00:00,135.22,135.26,135.12,135.2,88879.0
2019-08-28 14:05:00,135.2,135.27,135.17,135.2,84124.0
2019-08-28 14:10:00,135.2,135.23,135.16,135.195,67799.0
2019-08-28 14:15:00,135.1901,135.24,135.13,135.14,87706.0
2019-08-28 14:20:00,135.14,135.2,135.105,135.18,68830.0
2019-08-28 14:25:00,135.18,135.2375,135.11,135.19,69728.0
2019-08-28 14:30:00,135.19,135.28,135.15,135.19,112268.0
2019-08-28 14:35:00,135.2,135.41,135.18,135.39,144398.0
2019-08-28 14:40:00,135.4,135.45,135.3033,135.36,111511.0
2019-08-28 14:45:00,135.36,135.43,135.33,135.3367,79844.0
2019-08-28 14:50:00,135.34,135.59,135.3301,135.5579,130451.0
2019-08-28 14:55:00,135.56,135.63,135.51,135.5787,108271.0
2019-08-28 15:00:00,135.57,135.59,135.51,135.59,96318.0
2019-08-28 15:05:00,135.58,135.58,135.49,135.5028,109185.0
2019-08-28 15:10:00,135.51,135.63,135.5039,135.6143,133333.0
2019-08-28 15:15:00,135.6203,135.7668,135.6066,135.6177,121216.0
2019-08-28 15:20:00,135.61,135.76,135.49,135.745,271032.0
2019-08-28 15:25:00,135.73,135.74,135.41,135.45,232561.0
2019-08-28 15:30:00,135.45,135.495,135.405,135.44,116332.0
2019-08-28 15:35:00,135.4449,135.6309,135.3957,135.4049,232182.0
2019-08-28 15:40:00,135.41,135.51,135.39,135.43,166540.0
2019-08-28 15:45:00,135.4222,135.5873,135.3571,135.3722,231256.0
2019-08-28 15:50:00,135.3635,135.545,135.35,135.5,200888.0
2019-08-28 15:55:00,135.4957,135.57,135.39,135.4522,333648.0
2019-08-28 16:00:00,135.45,135.6,135.34,135.55,658989.0
2019-08-29 09:35:00,137.0989,138.15,137.07,137.97,1398781.0
2019-08-29 09:40:00,137.98,138.3,137.94,137.95,713046.0
2019-08-29 09:45:00,137.96,138.16,137.83,137.95,460379.0
2019-08-29 09:50:00,137.955,138.2801,137.955,138.21,415328.0
2019-08-29 09:55:00,138.22,138.36,138.16,138.2,281426.0
2019-08-29 10:00:00,138.21,138.23,137.92,137.99,332199.0
2019-08-29 10:05:00,137.98,138.12,137.81,137.9,453984.0
2019-08-29 10:10:00,137.91,138.17,137.905,138.07,281151.0
2019-08-29 10:15:00,138.0755,138.2023,137.882,137.9455,250111.0
2019-08-29 10:20:00,137.94,137.98,137.82,137.9,193191.0
2019-08-29 10:25:00,137.8919,138.09,137.87,137.93,284113.0
2019-08-29 10:30:00,137.92,138.05,137.91,137.96,219677.0
2019-08-29 10:35:00,137.96,137.99,137.78,137.89,201543.0
2019-08-29 10:40:00,137.8845,138.0542,137.0432,137.2344,821819.0
2019-08-29 10:45:00,137.23,137.59,137.1701,137.38,236299.0
2019-08-29 10:50:00,137.35,137.42,137.11,137.2079,190560.0
2019-08-29 10:55:00,137.205,137.4,137.2,137.39,200362.0
2019-08-29 11:00:00,137.38,137.65,137.33,137.62,141128.0
2019-08-29 11:05:00,137.6006,137.65,137.54,137.615,95376.0
2019-08-29 11:10:00,137.62,137.72,137.593,137.68,177080.0
2019-08-29 11:15:00,137.68,137.899,137.67,137.899,141445.0
2019-08-29 11:20:00,137.9,137.91,137.81,137.87,89914.0
2019-08-29 11:25:00,137.88,137.98,137.8,137.945,145888.0
2019-08-29 11:30:00,137.95,138.02,137.86,137.94,170565.0
2019-08-29 11:35:00,137.95,138.11,137.93,138.11,879876.0
2019-08-29 11:40:00,138.12,138.198,138.1,138.12,174762.0
2019-08-29 11:45:00,138.13,138.18,138.1,138.135,119453.0
2019-08-29 11:50:00,138.14,138.2,138.09,138.17,117382.0
2019-08-29 11:55:00,138.17,138.1798,138.09,138.11,114062.0
2019-08-29 12:00:00,138.12,138.13,137.95,138.02,165884.0
2019-08-29 12:05:00,137.975,138.04,137.86,137.99,175393.0
2019-08-29 12:10:00,137.99,138.05,137.95,137.98,135195.0
2019-08-29 12:15:00,137.98,138.13,137.96,138.11,187946.0
2019-08-29 12:20:00,138.1099,138.1525,138.1,138.14,104900.0
2019-08-29 12:25:00,138.135,138.2,138.12,138.17,227611.0
2019-08-29 12:30:00,138.17,138.175,138.08,138.1,145309.0
2019-08-29 12:35:00,138.1,138.275,138.06,138.27,246323.0
2019-08-29 12:40:00,138.27,138.36,138.26,138.35,199779.0
2019-08-29 12:45:00,138.3448,138.42,138.25,138.2635,181161.0
2019-08-29 12:50:00,138.26,138.32,138.18,138.2428,162196.0
2019-08-29 12:55:00,138.255,138.3784,138.1382,138.155,157563.0
2019-08-29 13:00:00,138.16,138.23,138.14,138.14,88622.0
2019-08-29 13:05:00,138.14,138.1838,138.06,138.17,98899.0
2019-08-29 13:10:00,138.175,138.19,138.09,138.1042,103694.0
2019-08-29 13:15:00,138.104,138.16,138.09,138.12,88919.0
2019-08-29 13:20:00,138.12,138.26,138.1,138.237,100673.0
2019-08-29 13:25:00,138.236,138.29,138.18,138.26,87164.0
2019-08-29 13:30:00,138.26,138.28,138.13,138.13,108937.0
2019-08-29 13:35:00,138.15,138.18,138.09,138.11,74209.0
2019-08-29 13:40:00,138.11,138.38,138.1,138.37,120366.0
2019-08-29 13:45:00,138.36,138.41,138.28,138.325,137637.0
2019-08-29 13:50:00,138.33,138.35,138.23,138.24,86897.0
2019-08-29 13:55:00,138.245,138.33,138.17,138.31,143331.0
2019-08-29 14:00:00,138.31,138.37,138.2,138.24,96973.0
2019-08-29 14:05:00,138.24,138.37,138.235,138.37,123732.0
2019-08-29 14:10:00,138.37,138.44,138.3,138.3699,132580.0
2019-08-29 14:15:00,138.37,138.377,138.31,138.32,74155.0
2019-08-29 14:20:00,138.32,138.38,138.07,138.14,198721.0
2019-08-29 14:25:00,138.1273,138.24,138.1,138.22,89828.0
2019-08-29 14:30:00,138.225,138.3176,138.21,138.265,85976.0
2019-08-29 14:35:00,138.26,138.3134,138.22,138.29,118802.0
2019-08-29 14:40:00,138.3,138.31,138.185,138.25,152213.0
2019-08-29 14:45:00,138.245,138.295,138.12,138.15,159460.0
2019-08-29 14:50:00,138.16,138.169,138.05,138.15,153130.0
2019-08-29 14:55:00,138.155,138.18,138.04,138.05,111314.0
2019-08-29 15:00:00,138.05,138.13,138.05,138.09,90396.0
2019-08-29 15:05:00,138.1,138.11,137.915,137.94,208100.0
2019-08-29 15:10:00,137.95,138.0298,137.85,137.875,190179.0
2019-08-29 15:15:00,137.88,137.93,137.86,137.9,100985.0
2019-08-29 15:20:00,137.89,138.06,137.885,138.0,138899.0
2019-08-29 15:25:00,137.99,137.99,137.84,137.91,199214.0
2019-08-29 15:30:00,137.9008,137.94,137.69,137.73,209319.0
2019-08-29 15:35:00,137.73,137.89,137.73,137.89,195242.0
2019-08-29 15:40:00,137.89,138.03,137.865,138.015,255627.0
2019-08-29 15:45:00,138.02,138.05,137.98,138.0056,142027.0
2019-08-29 15:50:00,138.0,138.16,137.96,138.11,256532.0
2019-08-29 15:55:00,138.1077,138.3,137.98,138.05,419915.0
2019-08-29 16:00:00,138.06,138.25,137.91,138.16,855315.0
2019-08-30 09:35:00,138.9,138.9,138.56,138.61,927293.0
2019-08-30 09:40:00,138.6242,138.8889,138.4446,138.7395,331922.0
2019-08-30 09:45:00,138.74,138.86,138.48,138.4922,226069.0
2019-08-30 09:50:00,138.5158,138.7934,138.5131,138.6481,179234.0
2019-08-30 09:55:00,138.64,138.795,138.59,138.6644,229070.0
2019-08-30 10:00:00,138.67,138.71,138.29,138.42,244219.0
2019-08-30 10:05:00,138.41,138.59,138.31,138.4408,216463.0
2019-08-30 10:10:00,138.44,138.512,138.32,138.3587,184598.0
2019-08-30 10:15:00,138.3502,138.4063,137.91,137.965,279938.0
2019-08-30 10:20:00,137.96,138.06,137.87,137.945,211408.0
2019-08-30 10:25:00,137.94,137.97,137.681,137.78,267920.0
2019-08-30 10:30:00,137.78,137.85,137.54,137.65,298436.0
2019-08-30 10:35:00,137.64,137.94,137.63,137.81,200212.0
2019-08-30 10:40:00,137.8089,137.88,137.6967,137.83,138194.0
2019-08-30 10:45:00,137.835,137.91,137.74,137.845,147701.0
2019-08-30 10:50:00,137.84,137.94,137.7199,137.92,216184.0
2019-08-30 10:55:00,137.92,137.92,137.68,137.77,161425.0
2019-08-30 11:00:00,137.78,137.92,137.69,137.69,136708.0
2019-08-30 11:05:00,137.68,137.78,137.06,137.085,336221.0
2019-08-30 11:10:00,137.09,137.1602,136.96,136.98,265024.0
2019-08-30 11:15:00,136.9755,137.06,136.61,136.72,278898.0
2019-08-30 11:20:00,136.73,136.84,136.42,136.54,339054.0
2019-08-30 11:25:00,136.54,136.6,136.34,136.4,239512.0
2019-08-30 11:30:00,136.4155,136.7909,136.4005,136.6055,267063.0
2019-08-30 11:35:00,136.6,136.97,136.6,136.93,229515.0
2019-08-30 11:40:00,136.93,136.99,136.82,136.98,146557.0
2019-08-30 11:45:00,136.9772,137.1,136.92,137.0965,137009.0
2019-08-30 11:50:00,137.1,137.29,137.1,137.225,204840.0
2019-08-30 11:55:00,137.22,137.27,137.07,137.07,119104.0
2019-08-30 12:00:00,137.08,137.21,136.98,137.08,155910.0
2019-08-30 12:05:00,137.1,137.16,137.0,137.01,113230.0
2019-08-30 12:10:00,136.99,137.14,136.81,136.89,166916.0
2019-08-30 12:15:00,136.88,137.19,136.85,137.08,174104.0
2019-08-30 12:20:00,137.075,137.25,137.06,137.24,106643.0
2019-08-30 12:25:00,137.24,137.26,137.125,137.14,105622.0
2019-08-30 12:30:00,137.15,137.24,137.15,137.2002,70527.0
2019-08-30 12:35:00,137.21,137.24,137.05,137.17,125152.0
2019-08-30 12:40:00,137.17,137.17,137.07,137.097,61794.0
2019-08-30 12:45:00,137.095,137.12,137.02,137.06,75097.0
2019-08-30 12:50:00,137.06,137.1,137.02,137.055,90438.0
2019-08-30 12:55:00,137.0594,137.3035,137.0532,137.1603,118530.0
2019-08-30 13:00:00,137.16,137.28,137.16,137.16,123601.0
2019-08-30 13:05:00,137.16,137.26,137.12,137.125,95190.0
2019-08-30 13:10:00,137.13,137.14,137.02,137.0959,71613.0
2019-08-30 13:15:00,137.09,137.1,137.015,137.065,50907.0
2019-08-30 13:20:00,137.07,137.07,136.95,137.05,113438.0
2019-08-30 13:25:00,137.05,137.14,137.025,137.045,78003.0
2019-08-30 13:30:00,137.05,137.104,137.02,137.05,79785.0
2019-08-30 13:35:00,137.047,137.12,137.035,137.0866,53972.0
2019-08-30 13:40:00,137.09,137.09,136.99,137.01,87198.0
2019-08-30 13:45:00,137.0,137.0198,136.94,136.9524,56057.0
2019-08-30 13:50:00,136.955,137.1103,136.955,137.1,80319.0
2019-08-30 13:55:00,137.0989,137.11,137.06,137.0968,60708.0
2019-08-30 14:00:00,137.09,137.15,137.06,137.11,175120.0
2019-08-30 14:05:00,137.11,137.205,137.085,137.11,146377.0
2019-08-30 14:10:00,137.105,137.19,137.02,137.19,115450.0
2019-08-30 14:15:00,137.195,137.26,137.17,137.2061,121757.0
2019-08-30 14:20:00,137.21,137.3,137.16,137.245,166397.0
2019-08-30 14:25:00,137.25,137.25,137.17,137.21,97594.0
2019-08-30 14:30:00,137.21,137.33,137.205,137.32,129526.0
2019-08-30 14:35:00,137.325,137.37,137.11,137.155,281583.0
2019-08-30 14:40:00,137.15,137.16,136.98,137.02,171726.0
2019-08-30 14:45:00,137.0257,137.2019,136.9967,137.0457,167650.0
2019-08-30 14:50:00,137.03,137.03,136.79,136.79,208235.0
2019-08-30 14:55:00,136.789,136.87,136.71,136.8,210269.0
2019-08-30 15:00:00,136.8,136.95,136.78,136.9,160446.0
2019-08-30 15:05:00,136.9049,137.1223,136.807,136.8299,278590.0
2019-08-30 15:10:00,136.83,136.89,136.79,136.805,143463.0
2019-08-30 15:15:00,136.81,136.83,136.71,136.79,303828.0
2019-08-30 15:20:00,136.7919,136.85,136.66,136.72,206182.0
2019-08-30 15:25:00,136.72,136.87,136.72,136.84,146499.0
2019-08-30 15:30:00,136.85,137.0763,136.85,137.03,178155.0
2019-08-30 15:35:00,137.04,137.14,137.0,137.1301,222467.0
2019-08-30 15:40:00,137.14,137.25,137.11,137.2099,235860.0
2019-08-30 15:45:00,137.205,137.28,137.14,137.23,190293.0
2019-08-30 15:50:00,137.23,137.27,137.1524,137.2,331307.0
2019-08-30 15:55:00,137.21,137.37,137.15,137.26,969391.0
2019-08-30 16:00:00,137.26,137.98,137.26,137.92,2955211.0
2019-09-03 09:35:00,136.4892,137.0727,136.4721,136.8237,1059760.0
2019-09-03 09:40:00,136.82,137.2,136.82,136.94,357013.0
2019-09-03 09:45:00,136.95,137.03,136.68,136.78,240388.0
2019-09-03 09:50:00,136.7955,137.1513,136.6808,136.7255,264784.0
2019-09-03 09:55:00,136.73,137.1418,136.72,137.045,226103.0
2019-09-03 10:00:00,137.06,137.13,136.85,137.05,192367.0
2019-09-03 10:05:00,137.04,137.04,136.14,136.25,636194.0
2019-09-03 10:10:00,136.2444,136.4526,136.0122,136.0544,454677.0
2019-09-03 10:15:00,136.0564,136.24,135.94,135.98,293980.0
2019-09-03 10:20:00,135.9857,136.321,135.9807,136.1617,217833.0
2019-09-03 10:25:00,136.155,136.27,136.06,136.11,145441.0
2019-09-03 10:30:00,136.1205,136.6908,136.1103,136.5555,303294.0
2019-09-03 10:35:00,136.5599,136.57,136.28,136.34,193316.0
2019-09-03 10:40:00,136.3693,136.6639,136.3436,136.4543,198360.0
2019-09-03 10:45:00,136.44,137.0,136.39,136.7392,401016.0
2019-09-03 10:50:00,136.73,136.96,136.6,136.72,151938.0
2019-09-03 10:55:00,136.72,136.84,136.6,136.66,156542.0
2019-09-03 11:00:00,136.68,136.8,136.62,136.75,196450.0
2019-09-03 11:05:00,136.75,136.77,136.595,136.65,131329.0
2019-09-03 11:10:00,136.62,136.74,136.46,136.51,281516.0
2019-09-03 11:15:00,136.51,136.53,136.15,136.21,289971.0
2019-09-03 11:20:00,136.19,136.43,136.11,136.41,156443.0
2019-09-03 11:25:00,136.41,136.51,136.35,136.48,130101.0
2019-09-03 11:30:00,136.4843,136.6639,136.3837,136.4243,294915.0
2019-09-03 11:35:00,136.4149,136.7269,136.3165,136.5149,262413.0
2019-09-03 11:40:00,136.52,136.6501,136.5,136.57,227146.0
2019-09-03 11:45:00,136.562,136.61,136.45,136.48,134833.0
2019-09-03 11:50:00,136.48,136.8,136.43,136.8,196060.0
2019-09-03 11:55:00,136.805,136.805,136.67,136.695,105675.0
2019-09-03 12:00:00,136.68,136.69,136.52,136.57,112205.0
2019-09-03 12:05:00,136.57,136.68,136.48,136.63,116987.0
2019-09-03 12:10:00,136.62,136.62,136.32,136.39,128339.0
2019-09-03 12:15:00,136.41,136.49,136.36,136.47,134806.0
2019-09-03 12:20:00,136.48,136.49,136.36,136.45,114890.0
2019-09-03 12:25:00,136.45,136.5199,136.325,136.325,94449.0
2019-09-03 12:30:00,136.33,136.41,136.29,136.37,89437.0
2019-09-03 12:35:00,136.3872,136.5031,136.328,136.3422,139225.0
2019-09-03 12:40:00,136.345,136.47,136.3,136.41,79099.0
2019-09-03 12:45:00,136.42,136.45,136.345,136.38,67735.0
2019-09-03 12:50:00,136.38,136.56,136.34,136.515,123284.0
2019-09-03 12:55:00,136.49,136.49,136.2,136.28,120702.0
2019-09-03 13:00:00,136.27,136.43,136.26,136.36,101088.0
2019-09-03 13:05:00,136.36,136.51,136.33,136.34,75484.0
2019-09-03 13:10:00,136.3343,136.5338,136.2535,136.2786,140418.0
2019-09-03 13:15:00,136.28,136.32,136.16,136.305,81158.0
2019-09-03 13:20:00,136.3,136.32,136.2,136.26,99395.0
2019-09-03 13:25:00,136.26,136.26,136.11,136.165,85859.0
2019-09-03 13:30:00,136.1602,136.28,136.145,136.21,101032.0
2019-09-03 13:35:00,136.22,136.22,136.05,136.09,139268.0
2019-09-03 13:40:00,136.09,136.1,135.98,136.045,174105.0
2019-09-03 13:45:00,136.0477,136.07,135.89,135.9701,157662.0
2019-09-03 13:50:00,135.97,136.02,135.86,135.935,186702.0
2019-09-03 13:55:00,135.93,135.9484,135.71,135.74,194111.0
2019-09-03 14:00:00,135.74,135.86,135.73,135.7301,129253.0
2019-09-03 14:05:00,135.73,136.01,135.7,135.96,141559.0
2019-09-03 14:10:00,135.9599,135.97,135.9,135.925,68481.0
2019-09-03 14:15:00,135.925,136.01,135.88,135.92,118204.0
2019-09-03 14:20:00,135.915,135.94,135.775,135.81,122769.0
2019-09-03 14:25:00,135.8118,135.95,135.755,135.7662,129524.0
2019-09-03 14:30:00,135.77,135.91,135.76,135.89,126511.0
2019-09-03 14:35:00,135.88,135.94,135.85,135.87,128445.0
2019-09-03 14:40:00,135.875,136.02,135.87,136.0065,137829.0
2019-09-03 14:45:00,136.005,136.04,135.95,135.995,94723.0
2019-09-03 14:50:00,135.9933,136.005,135.91,135.985,97837.0
2019-09-03 14:55:00,135.99,136.09,135.9,135.985,128378.0
2019-09-03 15:00:00,135.99,135.99,135.88,135.94,202005.0
2019-09-03 15:05:00,135.932,135.99,135.81,135.83,235770.0
2019-09-03 15:10:00,135.82,135.92,135.82,135.91,116430.0
2019-09-03 15:15:00,135.91,135.94,135.85,135.885,129776.0
2019-09-03 15:20:00,135.88,136.03,135.85,136.0199,169341.0
2019-09-03 15:25:00,136.02,136.2262,136.015,136.175,210929.0
2019-09-03 15:30:00,136.16,136.2167,136.13,136.185,149734.0
2019-09-03 15:35:00,136.19,136.2599,136.1,136.15,229825.0
2019-09-03 15:40:00,136.155,136.16,136.0337,136.08,182614.0
2019-09-03 15:45:00,136.09,136.14,135.96,136.005,279699.0
2019-09-03 15:50:00,136.01,136.29,136.005,136.1516,308975.0
2019-09-03 15:55:00,136.16,136.33,136.145,136.3003,518042.0
2019-09-03 16:00:00,136.31,136.31,136.03,136.12,947400.0
2019-09-04 09:35:00,137.3027,137.4281,137.0478,137.0517,1095095.0
2019-09-04 09:40:00,137.06,137.32,136.88,136.989,448441.0
2019-09-04 09:45:00,136.9951,137.3836,136.9782,137.0451,332217.0
2019-09-04 09:50:00,137.07,137.36,137.06,137.205,370887.0
2019-09-04 09:55:00,137.2449,137.422,137.1473,137.1549,265134.0
2019-09-04 10:00:00,137.14,137.17,137.05,137.09,142232.0
2019-09-04 10:05:00,137.0,137.08,136.93,136.99,417329.0
2019-09-04 10:10:00,137.0,137.1199,136.75,136.8,284949.0
2019-09-04 10:15:00,136.7927,136.9147,136.5874,136.5877,292066.0
2019-09-04 10:20:00,136.5816,136.81,136.57,136.8,189432.0
2019-09-04 10:25:00,136.805,136.89,136.73,136.81,162313.0
2019-09-04 10:30:00,136.82,136.99,136.79,136.975,158103.0
2019-09-04 10:35:00,136.97,137.1,136.94,137.05,177558.0
2019-09-04 10:40:00,137.055,137.09,136.98,137.01,171122.0
2019-09-04 10:45:00,137.02,137.05,136.89,136.94,198522.0
2019-09-04 10:50:00,136.93,137.0501,136.91,137.04,120848.0
2019-09-04 10:55:00,137.0449,137.07,136.955,137.0081,115751.0
2019-09-04 11:00:00,137.0,137.05,136.92,137.02,162831.0
2019-09-04 11:05:00,137.03,137.14,137.03,137.08,195472.0
2019-09-04 11:10:00,137.08,137.13,137.0134,137.11,225302.0
2019-09-04 11:15:00,137.11,137.1151,136.99,137.04,191002.0
2019-09-04 11:20:00,137.04,137.075,136.99,136.99,145182.0
2019-09-04 11:25:00,136.98,137.055,136.96,136.97,150384.0
2019-09-04 11:30:00,136.98,137.165,136.94,137.145,173458.0
2019-09-04 11:35:00,137.14,137.26,137.12,137.2,302844.0
2019-09-04 11:40:00,137.2029,137.3232,137.2029,137.29,201103.0
2019-09-04 11:45:00,137.3,137.39,137.29,137.34,213832.0
2019-09-04 11:50:00,137.35,137.425,137.27,137.3139,154861.0
2019-09-04 11:55:00,137.32,137.3506,137.26,137.325,102482.0
2019-09-04 12:00:00,137.33,137.37,137.28,137.32,74945.0
2019-09-04 12:05:00,137.32,137.47,137.32,137.4349,138922.0
2019-09-04 12:10:00,137.44,137.46,137.39,137.4049,85657.0
2019-09-04 12:15:00,137.41,137.48,137.37,137.4431,116879.0
2019-09-04 12:20:00,137.441,137.455,137.12,137.2,202288.0
2019-09-04 12:25:00,137.2,137.21,137.09,137.125,120657.0
2019-09-04 12:30:00,137.125,137.15,137.08,137.0949,83623.0
2019-09-04 12:35:00,137.093,137.15,137.015,137.03,98562.0
2019-09-04 12:40:00,137.04,137.157,137.04,137.0935,160600.0
2019-09-04 12:45:00,137.095,137.13,137.045,137.13,70457.0
2019-09-04 12:50:00,137.13,137.46,137.125,137.435,256424.0
2019-09-04 12:55:00,137.43,137.44,137.35,137.38,166733.0
2019-09-04 13:00:00,137.38,137.43,137.34,137.36,114018.0
2019-09-04 13:05:00,137.36,137.475,137.33,137.39,114638.0
2019-09-04 13:10:00,137.4,137.4449,137.38,137.4,87347.0
2019-09-04 13:15:00,137.395,137.42,137.35,137.4149,89530.0
2019-09-04 13:20:00,137.41,137.45,137.35,137.42,177104.0
2019-09-04 13:25:00,137.415,137.45,137.39,137.435,79383.0
2019-09-04 13:30:00,137.44,137.51,137.43,137.4904,205670.0
2019-09-04 13:35:00,137.5,137.54,137.48,137.4941,127343.0
2019-09-04 13:40:00,137.49,137.505,137.3643,137.3651,96286.0
2019-09-04 13:45:00,137.361,137.38,137.28,137.3341,101773.0
2019-09-04 13:50:00,137.3351,137.36,137.24,137.3253,92069.0
2019-09-04 13:55:00,137.325,137.34,137.23,137.25,81507.0
2019-09-04 14:00:00,137.24,137.33,137.24,137.28,100493.0
2019-09-04 14:05:00,137.27,137.33,137.2,137.31,149140.0
2019-09-04 14:10:00,137.32,137.325,137.19,137.2,106117.0
2019-09-04 14:15:00,137.205,137.22,137.0479,137.095,145976.0
2019-09-04 14:20:00,137.1,137.12,137.025,137.085,119974.0
2019-09-04 14:25:00,137.085,137.1156,137.0375,137.04,121174.0
2019-09-04 14:30:00,137.04,137.115,137.0,137.095,128906.0
2019-09-04 14:35:00,137.08,137.22,137.055,137.18,141361.0
2019-09-04 14:40:00,137.19,137.21,137.1,137.12,125817.0
2019-09-04 14:45:00,137.1285,137.225,137.125,137.22,151071.0
2019-09-04 14:50:00,137.22,137.29,137.19,137.25,184170.0
2019-09-04 14:55:00,137.255,137.255,137.14,137.2,183197.0
2019-09-04 15:00:00,137.2,137.22,137.17,137.17,112440.0
2019-09-04 15:05:00,137.18,137.27,137.17,137.265,112494.0
2019-09-04 15:10:00,137.26,137.295,137.24,137.26,125708.0
2019-09-04 15:15:00,137.27,137.35,137.25,137.33,140329.0
2019-09-04 15:20:00,137.33,137.335,137.26,137.3,126205.0
2019-09-04 15:25:00,137.31,137.3475,137.28,137.31,475401.0
2019-09-04 15:30:00,137.3052,137.43,137.3,137.4249,148350.0
2019-09-04 15:35:00,137.42,137.55,137.42,137.49,228490.0
2019-09-04 15:40:00,137.5,137.55,137.48,137.52,216908.0
2019-09-04 15:45:00,137.5162,137.6,137.47,137.485,245023.0
2019-09-04 15:50:00,137.49,137.5,137.39,137.49,258828.0
2019-09-04 15:55:00,137.48,137.61,137.45,137.5905,523116.0
2019-09-04 16:00:00,137.58,137.7,137.51,137.69,707456.0
2019-09-05 09:35:00,138.9,139.08,138.79,138.876,1382341.0
2019-09-05 09:40:00,138.97,139.11,138.91,139.01,510635.0
2019-09-05 09:45:00,139.015,139.22,138.87,138.99,673859.0
2019-09-05 09:50:00,138.99,139.23,138.91,139.12,601935.0
2019-09-05 09:55:00,139.1101,139.39,139.086,139.36,395149.0
2019-09-05 10:00:00,139.37,139.68,139.34,139.47,625925.0
2019-09-05 10:05:00,139.48,139.87,139.48,139.655,581590.0
2019-09-05 10:10:00,139.6656,139.8639,139.5736,139.7256,403169.0
2019-09-05 10:15:00,139.73,139.74,139.52,139.62,336232.0
2019-09-05 10:20:00,139.62,140.03,139.62,140.0,1100223.0
2019-09-05 10:25:00,139.995,140.04,139.87,139.905,912587.0
2019-09-05 10:30:00,139.91,140.01,139.82,139.94,557108.0
2019-09-05 10:35:00,139.937,140.11,139.9028,140.1,412447.0
2019-09-05 10:40:00,140.09,140.3837,140.075,140.25,615067.0
2019-09-05 10:45:00,140.2433,140.3,139.93,139.98,299320.0
2019-09-05 10:50:00,139.9866,140.0541,139.76,139.7952,220696.0
2019-09-05 10:55:00,139.79,139.88,139.75,139.87,202606.0
2019-09-05 11:00:00,139.88,139.95,139.8,139.88,216264.0
2019-09-05 11:05:00,139.89,140.05,139.72,139.83,410051.0
2019-09-05 11:10:00,139.82,139.94,139.7601,139.79,220811.0
2019-09-05 11:15:00,139.8,139.9,139.72,139.89,188605.0
2019-09-05 11:20:00,139.9,139.9161,139.7633,139.82,158611.0
2019-09-05 11:25:00,139.82,139.86,139.695,139.73,206610.0
2019-09-05 11:30:00,139.73,139.83,139.7,139.83,138167.0
2019-09-05 11:35:00,139.82,139.88,139.75,139.82,195277.0
2019-09-05 11:40:00,139.815,139.9,139.78,139.832,161374.0
2019-09-05 11:45:00,139.83,139.92,139.81,139.83,146405.0
2019-09-05 11:50:00,139.82,139.82,139.6,139.64,177120.0
2019-09-05 11:55:00,139.63,139.64,139.53,139.5684,130073.0
2019-09-05 12:00:00,139.56,139.58,139.37,139.4,264043.0
2019-09-05 12:05:00,139.4062,139.56,139.3645,139.46,172090.0
2019-09-05 12:10:00,139.46,139.52,139.42,139.4817,139607.0
2019-09-05 12:15:00,139.45,139.62,139.435,139.61,284064.0
2019-09-05 12:20:00,139.605,139.66,139.58,139.625,176206.0
2019-09-05 12:25:00,139.62,139.6379,139.46,139.52,170008.0
2019-09-05 12:30:00,139.52,139.56,139.4084,139.48,170817.0
2019-09-05 12:35:00,139.48,139.57,139.42,139.55,121111.0
2019-09-05 12:40:00,139.54,139.575,139.51,139.53,183881.0
2019-09-05 12:45:00,139.53,139.53,139.4401,139.49,131754.0
2019-09-05 12:50:00,139.4956,139.58,139.42,139.4332,144639.0
2019-09-05 12:55:00,139.44,139.52,139.41,139.42,139230.0
2019-09-05 13:00:00,139.42,139.46,139.38,139.38,138973.0
2019-09-05 13:05:00,139.3823,139.6108,139.3256,139.3623,230104.0
2019-09-05 13:10:00,139.37,139.4,139.265,139.4,155196.0
2019-09-05 13:15:00,139.39,139.46,139.3644,139.455,97512.0
2019-09-05 13:20:00,139.45,139.46,139.3701,139.3868,109413.0
2019-09-05 13:25:00,139.39,139.47,139.39,139.44,77321.0
2019-09-05 13:30:00,139.44,139.54,139.42,139.5,152834.0
2019-09-05 13:35:00,139.49,139.515,139.29,139.31,112005.0
2019-09-05 13:40:00,139.305,139.39,139.285,139.34,109096.0
2019-09-05 13:45:00,139.35,139.43,139.33,139.415,148219.0
2019-09-05 13:50:00,139.414,139.45,139.39,139.42,90945.0
2019-09-05 13:55:00,139.417,139.46,139.36,139.44,103183.0
2019-09-05 14:00:00,139.43,139.49,139.39,139.42,145502.0
2019-09-05 14:05:00,139.47,139.485,139.42,139.485,149341.0
2019-09-05 14:10:00,139.4879,139.53,139.455,139.525,87908.0
2019-09-05 14:15:00,139.51,139.67,139.51,139.615,292138.0
2019-09-05 14:20:00,139.6177,139.64,139.58,139.59,103582.0
2019-09-05 14:25:00,139.6,139.6,139.46,139.48,144603.0
2019-09-05 14:30:00,139.48,139.56,139.475,139.515,89340.0
2019-09-05 14:35:00,139.511,139.56,139.47,139.515,110973.0
2019-09-05 14:40:00,139.515,139.56,139.46,139.54,106969.0
2019-09-05 14:45:00,139.545,139.67,139.4921,139.665,186988.0
2019-09-05 14:50:00,139.6634,139.7782,139.6,139.72,254308.0
2019-09-05 14:55:00,139.72,139.75,139.57,139.57,288719.0
2019-09-05 15:00:00,139.57,139.67,139.51,139.6,187455.0
2019-09-05 15:05:00,139.6,139.9,139.59,139.71,253589.0
2019-09-05 15:10:00,139.705,139.74,139.66,139.72,115585.0
2019-09-05 15:15:00,139.72,139.805,139.71,139.805,166300.0
2019-09-05 15:20:00,139.81,139.935,139.765,139.91,540535.0
2019-09-05 15:25:00,139.9234,140.1073,139.7369,139.8944,641505.0
2019-09-05 15:30:00,139.9,139.93,139.785,139.815,202216.0
2019-09-05 15:35:00,139.81,139.93,139.8,139.9,230191.0
2019-09-05 15:40:00,139.9,139.95,139.87,139.9,225480.0
2019-09-05 15:45:00,139.895,139.96,139.86,139.865,235539.0
2019-09-05 15:50:00,139.87,139.9,139.81,139.83,239043.0
2019-09-05 15:55:00,139.8227,140.1302,139.82,139.8827,508171.0
2019-09-05 16:00:00,139.89,140.06,139.87,140.05,1364484.0
2019-09-06 09:35:00,139.83,139.83,138.87,138.87,1412151.0
2019-09-06 09:40:00,139.0282,139.0282,138.52,138.52,539632.0
2019-09-06 09:45:00,138.55,138.89,138.55,138.84,465597.0
2019-09-06 09:50:00,138.82,139.39,138.8127,139.31,426727.0
2019-09-06 09:55:00,139.31,139.31,139.035,139.09,355815.0
2019-09-06 10:00:00,139.1,139.15,138.87,139.07,272829.0
2019-09-06 10:05:00,139.0752,139.3204,139.0251,139.1277,345201.0
2019-09-06 10:10:00,139.1244,139.3015,139.0613,139.0944,360407.0
2019-09-06 10:15:00,139.09,139.31,139.0232,139.3067,248073.0
2019-09-06 10:20:00,139.32,139.38,139.1,139.1,243043.0
2019-09-06 10:25:00,139.1,139.31,139.08,139.2631,165980.0
2019-09-06 10:30:00,139.26,139.49,139.21,139.49,278722.0
2019-09-06 10:35:00,139.5,139.52,139.355,139.39,204144.0
2019-09-06 10:40:00,139.385,139.475,139.33,139.35,149742.0
2019-09-06 10:45:00,139.345,139.5942,139.3435,139.5749,167215.0
2019-09-06 10:50:00,139.58,139.64,139.455,139.495,182937.0
2019-09-06 10:55:00,139.5,139.59,139.46,139.515,214134.0
2019-09-06 11:00:00,139.52,139.52,139.4,139.41,268063.0
2019-09-06 11:05:00,139.41,139.42,139.34,139.38,361744.0
2019-09-06 11:10:00,139.375,139.46,139.35,139.38,171301.0
2019-09-06 11:15:00,139.375,139.44,139.31,139.35,153845.0
2019-09-06 11:20:00,139.35,139.35,139.185,139.21,198451.0
2019-09-06 11:25:00,139.21,139.23,139.11,139.11,135786.0
2019-09-06 11:30:00,139.13,139.235,139.07,139.1949,231696.0
2019-09-06 11:35:00,139.2,139.23,139.06,139.14,169230.0
2019-09-06 11:40:00,139.14,139.25,139.1,139.12,122434.0
2019-09-06 11:45:00,139.12,139.19,139.08,139.136,112906.0
2019-09-06 11:50:00,139.13,139.21,139.12,139.1437,100831.0
2019-09-06 11:55:00,139.14,139.15,139.025,139.0447,143490.0
2019-09-06 12:00:00,139.05,139.07,138.98,139.03,211163.0
2019-09-06 12:05:00,139.02,139.06,139.0,139.01,81262.0
2019-09-06 12:10:00,139.02,139.03,138.93,138.9799,95247.0
2019-09-06 12:15:00,138.97,138.97,138.86,138.945,157561.0
2019-09-06 12:20:00,138.9466,139.02,138.9466,138.98,117792.0
2019-09-06 12:25:00,138.9708,139.04,138.95,139.0038,146139.0
2019-09-06 12:30:00,139.0,139.04,138.95,138.97,90622.0
2019-09-06 12:35:00,138.98,138.985,138.9,138.915,142887.0
2019-09-06 12:40:00,138.93,139.01,138.9232,138.9734,147441.0
2019-09-06 12:45:00,138.965,138.98,138.81,138.87,159477.0
2019-09-06 12:50:00,138.86,138.9,138.41,138.47,508251.0
2019-09-06 12:55:00,138.45,138.86,138.33,138.68,602058.0
2019-09-06 13:00:00,138.69,138.89,138.64,138.79,243263.0
2019-09-06 13:05:00,138.8,139.01,138.76,138.98,230947.0
2019-09-06 13:10:00,138.9768,138.99,138.87,138.9,124379.0
2019-09-06 13:15:00,138.91,139.01,138.91,138.9833,111806.0
2019-09-06 13:20:00,138.99,139.13,138.98,139.08,130383.0
2019-09-06 13:25:00,139.09,139.2,139.085,139.19,125119.0
2019-09-06 13:30:00,139.18,139.215,139.15,139.2,108743.0
2019-09-06 13:35:00,139.195,139.34,139.19,139.29,245765.0
2019-09-06 13:40:00,139.29,139.44,139.285,139.38,123201.0
2019-09-06 13:45:00,139.38,139.395,139.3013,139.355,115339.0
2019-09-06 13:50:00,139.36,139.4,139.32,139.39,96345.0
2019-09-06 13:55:00,139.395,139.4569,139.3001,139.445,187485.0
2019-09-06 14:00:00,139.45,139.47,139.4,139.42,100238.0
2019-09-06 14:05:00,139.42,139.44,139.33,139.3532,109048.0
2019-09-06 14:10:00,139.3549,139.365,139.28,139.36,88593.0
2019-09-06 14:15:00,139.36,139.41,139.305,139.405,86436.0
2019-09-06 14:20:00,139.4059,139.42,139.39,139.4167,80458.0
2019-09-06 14:25:00,139.4167,139.44,139.34,139.38,72361.0
2019-09-06 14:30:00,139.38,139.46,139.38,139.46,116565.0
2019-09-06 14:35:00,139.455,139.5,139.42,139.49,99549.0
2019-09-06 14:40:00,139.495,139.56,139.4601,139.48,141183.0
2019-09-06 14:45:00,139.48,139.52,139.44,139.5189,115993.0
2019-09-06 14:50:00,139.52,139.57,139.47,139.56,125397.0
2019-09-06 14:55:00,139.57,139.66,139.545,139.6067,209120.0
2019-09-06 15:00:00,139.6,139.67,139.57,139.64,168247.0
2019-09-06 15:05:00,139.63,139.63,139.53,139.595,186020.0
2019-09-06 15:10:00,139.6,139.71,139.59,139.6,264404.0
2019-09-06 15:15:00,139.6,139.65,139.49,139.565,179284.0
2019-09-06 15:20:00,139.56,139.575,139.5,139.5605,171503.0
2019-09-06 15:25:00,139.5681,139.58,139.47,139.55,223629.0
2019-09-06 15:30:00,139.545,139.65,139.54,139.635,162123.0
2019-09-06 15:35:00,139.64,139.7,139.62,139.65,183568.0
2019-09-06 15:40:00,139.65,139.67,139.49,139.51,178390.0
2019-09-06 15:45:00,139.51,139.53,139.34,139.36,201407.0
2019-09-06 15:50:00,139.36,139.38,139.155,139.26,302689.0
2019-09-06 15:55:00,139.255,139.32,139.11,139.12,537886.0
2019-09-06 16:00:00,139.11,139.24,138.99,139.13,1142652.0
2019-09-09 09:35:00,139.4,139.4,138.835,138.835,1168186.0
2019-09-09 09:40:00,138.81,138.85,138.16,138.16,599537.0
2019-09-09 09:45:00,138.19,138.33,138.142,138.255,693979.0
2019-09-09 09:50:00,138.235,138.33,137.84,137.9,648112.0
2019-09-09 09:55:00,137.9044,138.1254,137.666,137.7044,787307.0
2019-09-09 10:00:00,137.71,137.73,137.28,137.46,790474.0
2019-09-09 10:05:00,137.45,137.65,137.3475,137.57,505448.0
2019-09-09 10:10:00,137.58,137.77,137.5675,137.6,442514.0
2019-09-09 10:15:00,137.6053,137.615,137.31,137.34,486590.0
2019-09-09 10:20:00,137.34,137.5,137.26,137.28,675664.0
2019-09-09 10:25:00,137.2755,137.5066,137.1413,137.3145,803255.0
2019-09-09 10:30:00,137.3149,137.4726,137.2574,137.3249,537805.0
2019-09-09 10:35:00,137.32,137.49,137.26,137.46,366026.0
2019-09-09 10:40:00,137.45,137.64,137.435,137.6,330614.0
2019-09-09 10:45:00,137.6,137.615,137.52,137.57,278370.0
2019-09-09 10:50:00,137.57,137.776,137.57,137.776,239429.0
2019-09-09 10:55:00,137.78,137.945,137.76,137.915,282417.0
2019-09-09 11:00:00,137.92,138.06,137.91,138.01,217320.0
2019-09-09 11:05:00,138.0,138.08,137.945,137.945,248656.0
2019-09-09 11:10:00,137.94,138.01,137.73,137.76,194593.0
2019-09-09 11:15:00,137.8055,137.87,137.65,137.8055,249654.0
2019-09-09 11:20:00,137.8,137.89,137.735,137.85,147038.0
2019-09-09 11:25:00,137.86,137.935,137.855,137.8965,148171.0
2019-09-09 11:30:00,137.895,137.95,137.86,137.95,128142.0
2019-09-09 11:35:00,137.94,138.0,137.914,137.965,157468.0
2019-09-09 11:40:00,137.965,138.05,137.905,137.915,146085.0
2019-09-09 11:45:00,137.92,137.93,137.865,137.905,125828.0
2019-09-09 11:50:00,137.905,137.905,137.7,137.74,180198.0
2019-09-09 11:55:00,137.73,137.76,137.7,137.76,166948.0
2019-09-09 12:00:00,137.76,137.92,137.71,137.91,221019.0
2019-09-09 12:05:00,137.91,137.97,137.77,137.82,207597.0
2019-09-09 12:10:00,137.815,137.83,137.625,137.625,148457.0
2019-09-09 12:15:00,137.63,137.64,137.33,137.37,274374.0
2019-09-09 12:20:00,137.365,137.37,137.1,137.11,319481.0
2019-09-09 12:25:00,137.115,137.27,137.1,137.215,174489.0
2019-09-09 12:30:00,137.21,137.21,137.03,137.09,184903.0
2019-09-09 12:35:00,137.0836,137.11,136.867,136.9636,430412.0
2019-09-09 12:40:00,136.94,136.95,136.63,136.73,389098.0
2019-09-09 12:45:00,136.74,136.88,136.72,136.7499,248943.0
2019-09-09 12:50:00,136.75,136.84,136.69,136.7,225174.0
2019-09-09 12:55:00,136.7001,137.11,136.685,137.0,357961.0
2019-09-09 13:00:00,137.01,137.13,137.0,137.1,161435.0
2019-09-09 13:05:00,137.09,137.105,137.062,137.065,94853.0
2019-09-09 13:10:00,137.06,137.1509,137.035,137.15,120280.0
2019-09-09 13:15:00,137.155,137.1786,136.98,137.005,105566.0
2019-09-09 13:20:00,137.0,137.04,136.945,136.945,109290.0
2019-09-09 13:25:00,136.9332,136.95,136.7,136.7098,133219.0
2019-09-09 13:30:00,136.71,136.725,136.62,136.7,200801.0
2019-09-09 13:35:00,136.7,136.7,136.54,136.6199,148827.0
2019-09-09 13:40:00,136.6155,136.7709,136.5907,136.6355,283438.0
2019-09-09 13:45:00,136.6265,136.78,136.625,136.715,220388.0
2019-09-09 13:50:00,136.715,137.05,136.65,137.0099,265306.0
2019-09-09 13:55:00,137.005,137.03,136.975,136.98,156197.0
2019-09-09 14:00:00,136.97,137.0,136.84,136.84,159249.0
2019-09-09 14:05:00,136.8468,136.88,136.77,136.85,113283.0
2019-09-09 14:10:00,136.8432,136.885,136.76,136.8101,120812.0
2019-09-09 14:15:00,136.81,136.82,136.6803,136.78,170627.0
2019-09-09 14:20:00,136.785,136.8891,136.7,136.7039,142364.0
2019-09-09 14:25:00,136.7,136.72,136.665,136.67,144750.0
2019-09-09 14:30:00,136.67,136.68,136.61,136.61,127110.0
2019-09-09 14:35:00,136.6,136.76,136.57,136.63,206553.0
2019-09-09 14:40:00,136.63,136.6354,136.51,136.62,151982.0
2019-09-09 14:45:00,136.62,136.66,136.595,136.601,123190.0
2019-09-09 14:50:00,136.6,136.78,136.5849,136.7201,139046.0
2019-09-09 14:55:00,136.72,136.7499,136.57,136.58,130932.0
2019-09-09 15:00:00,136.59,136.7,136.58,136.68,107526.0
2019-09-09 15:05:00,136.68,137.06,136.6,136.8969,323443.0
2019-09-09 15:10:00,136.9,136.925,136.78,136.79,203916.0
2019-09-09 15:15:00,136.795,137.09,136.795,137.02,245511.0
2019-09-09 15:20:00,137.02,137.26,136.98,137.22,293613.0
2019-09-09 15:25:00,137.21,137.25,137.07,137.075,162552.0
2019-09-09 15:30:00,137.0884,137.105,136.97,137.0,146451.0
2019-09-09 15:35:00,137.005,137.07,136.91,137.07,263359.0
2019-09-09 15:40:00,137.06,137.215,137.039,137.215,283684.0
2019-09-09 15:45:00,137.215,137.23,137.155,137.225,263922.0
2019-09-09 15:50:00,137.23,137.55,137.195,137.52,435317.0
2019-09-09 15:55:00,137.52,137.74,137.5,137.61,498739.0
2019-09-09 16:00:00,137.6,137.675,137.56,137.58,1212874.0
2019-09-10 09:35:00,136.58,136.87,135.73,135.78,1102938.0
2019-09-10 09:40:00,135.7822,136.2379,135.6474,136.0822,634406.0
2019-09-10 09:45:00,136.07,136.08,135.45,135.46,673390.0
2019-09-10 09:50:00,135.45,135.52,135.235,135.25,812584.0
2019-09-10 09:55:00,135.23,135.24,134.71,134.7599,829959.0
2019-09-10 10:00:00,134.77,135.09,134.76,135.02,685745.0
2019-09-10 10:05:00,134.99,135.08,134.84,134.935,525417.0
2019-09-10 10:10:00,134.935,135.015,134.79,134.89,520949.0
2019-09-10 10:15:00,134.89,135.1,134.865,134.925,476951.0
2019-09-10 10:20:00,134.92,135.15,134.909,135.15,555723.0
2019-09-10 10:25:00,135.16,135.36,135.13,135.3151,402619.0
2019-09-10 10:30:00,135.32,135.54,135.3,135.345,440896.0
2019-09-10 10:35:00,135.3586,135.41,135.22,135.3236,328624.0
2019-09-10 10:40:00,135.315,135.409,135.205,135.35,448099.0
2019-09-10 10:45:00,135.3527,135.4956,135.2864,135.3527,380117.0
2019-09-10 10:50:00,135.35,135.48,135.347,135.4743,269634.0
2019-09-10 10:55:00,135.47,135.54,135.225,135.26,319274.0
2019-09-10 11:00:00,135.26,135.28,135.05,135.11,232970.0
2019-09-10 11:05:00,135.08,135.26,135.025,135.15,443257.0
2019-09-10 11:10:00,135.15,135.17,135.025,135.095,187799.0
2019-09-10 11:15:00,135.095,135.12,135.031,135.08,173975.0
2019-09-10 11:20:00,135.0844,135.0906,134.93,134.98,224211.0
2019-09-10 11:25:00,134.985,134.985,134.71,134.71,384666.0
2019-09-10 11:30:00,134.7156,134.8396,134.6394,134.6856,509081.0
2019-09-10 11:35:00,134.67,134.89,134.6402,134.88,312679.0
2019-09-10 11:40:00,134.885,134.91,134.6,134.68,250320.0
2019-09-10 11:45:00,134.68,134.69,134.61,134.61,264063.0
2019-09-10 11:50:00,134.61,135.25,134.6048,135.135,400134.0
2019-09-10 11:55:00,135.135,135.42,135.12,135.38,388142.0
2019-09-10 12:00:00,135.4,135.44,135.19,135.25,366061.0
2019-09-10 12:05:00,135.2484,135.26,135.11,135.17,231862.0
2019-09-10 12:10:00,135.1696,135.35,135.07,135.3144,251324.0
2019-09-10 12:15:00,135.31,135.36,135.235,135.33,186839.0
2019-09-10 12:20:00,135.335,135.57,135.32,135.57,158159.0
2019-09-10 12:25:00,135.575,135.89,135.565,135.87,255591.0
2019-09-10 12:30:00,135.86,135.875,135.68,135.685,155954.0
2019-09-10 12:35:00,135.685,135.72,135.67,135.7,106328.0
2019-09-10 12:40:00,135.7,135.815,135.68,135.68,132036.0
2019-09-10 12:45:00,135.6796,135.8,135.66,135.79,92245.0
2019-09-10 12:50:00,135.8,135.91,135.7949,135.89,163666.0
2019-09-10 12:55:00,135.89,136.128,135.8865,136.12,223336.0
2019-09-10 13:00:00,136.11,136.2,136.01,136.04,181815.0
2019-09-10 13:05:00,136.04,136.07,135.9,135.925,163603.0
2019-09-10 13:10:00,135.92,136.0,135.8,135.845,171203.0
2019-09-10 13:15:00,135.84,135.9,135.73,135.8275,181980.0
2019-09-10 13:20:00,135.825,135.86,135.465,135.58,212982.0
2019-09-10 13:25:00,135.585,135.61,135.506,135.56,180834.0
2019-09-10 13:30:00,135.55,135.58,135.4105,135.415,123089.0
2019-09-10 13:35:00,135.41,135.59,135.41,135.52,187116.0
2019-09-10 13:40:00,135.515,135.64,135.515,135.585,187272.0
2019-09-10 13:45:00,135.6,135.662,135.58,135.61,105612.0
2019-09-10 13:50:00,135.61,135.795,135.593,135.7942,108603.0
2019-09-10 13:55:00,135.785,135.86,135.765,135.775,177179.0
2019-09-10 14:00:00,135.78,135.826,135.58,135.58,151308.0
2019-09-10 14:05:00,135.575,135.63,135.38,135.4,230645.0
2019-09-10 14:10:00,135.4,135.42,135.31,135.37,181385.0
2019-09-10 14:15:00,135.36,135.39,135.225,135.225,135963.0
2019-09-10 14:20:00,135.23,135.23,135.16,135.23,184408.0
2019-09-10 14:25:00,135.235,135.38,135.23,135.3651,114090.0
2019-09-10 14:30:00,135.36,135.39,135.21,135.22,171996.0
2019-09-10 14:35:00,135.22,135.42,135.21,135.41,119779.0
2019-09-10 14:40:00,135.405,135.405,135.15,135.205,237158.0
2019-09-10 14:45:00,135.205,135.2399,135.085,135.095,180748.0
2019-09-10 14:50:00,135.1,135.16,135.0728,135.09,147637.0
2019-09-10 14:55:00,135.09,135.3,135.065,135.29,176308.0
2019-09-10 15:00:00,135.29,135.32,135.275,135.3,169930.0
2019-09-10 15:05:00,135.31,135.355,135.24,135.34,135457.0
2019-09-10 15:10:00,135.345,135.35,135.2301,135.2399,137402.0
2019-09-10 15:15:00,135.235,135.27,135.2,135.205,146767.0
2019-09-10 15:20:00,135.2048,135.28,135.195,135.27,159745.0
2019-09-10 15:25:00,135.265,135.265,135.1,135.125,193742.0
2019-09-10 15:30:00,135.125,135.29,135.125,135.25,172909.0
2019-09-10 15:35:00,135.25,135.415,135.245,135.395,247258.0
2019-09-10 15:40:00,135.4,135.405,135.32,135.33,238769.0
2019-09-10 15:45:00,135.33,135.5599,135.32,135.535,280580.0
2019-09-10 15:50:00,135.535,135.618,135.535,135.535,332484.0
2019-09-10 15:55:00,135.54,135.73,135.5301,135.645,503535.0
2019-09-10 16:00:00,135.66,136.16,135.65,136.15,1527558.0
2019-09-11 09:35:00,135.41,135.61,135.185,135.215,1309335.0
2019-09-11 09:40:00,135.22,136.17,135.22,136.09,754812.0
2019-09-11 09:45:00,136.15,136.15,135.51,135.51,491742.0
2019-09-11 09:50:00,135.7857,135.8,135.65,135.7357,377925.0
2019-09-11 09:55:00,135.7427,135.8969,135.5266,135.7027,399247.0
2019-09-11 10:00:00,135.7,135.86,135.64,135.84,573028.0
2019-09-11 10:05:00,135.8543,135.9933,135.753,135.7743,412965.0
2019-09-11 10:10:00,135.7772,135.9777,135.6874,135.8022,418987.0
2019-09-11 10:15:00,135.8,136.05,135.705,136.02,527373.0
2019-09-11 10:20:00,136.03,136.06,135.93,136.055,249892.0
2019-09-11 10:25:00,136.06,136.0731,135.892,136.01,292110.0
2019-09-11 10:30:00,136.0,136.005,135.75,135.75,194661.0
2019-09-11 10:35:00,135.75,136.0,135.73,135.8661,261566.0
2019-09-11 10:40:00,135.87,135.97,135.73,135.73,205176.0
2019-09-11 10:45:00,135.7351,135.8572,135.5969,135.6051,257253.0
2019-09-11 10:50:00,135.605,135.64,135.445,135.465,178892.0
2019-09-11 10:55:00,135.47,135.49,135.175,135.24,319744.0
2019-09-11 11:00:00,135.24,135.31,135.214,135.27,227179.0
2019-09-11 11:05:00,135.28,135.307,135.21,135.22,157813.0
2019-09-11 11:10:00,135.2146,135.2146,135.09,135.11,263396.0
2019-09-11 11:15:00,135.11,135.32,135.11,135.32,171659.0
2019-09-11 11:20:00,135.32,135.46,135.32,135.4,232953.0
2019-09-11 11:25:00,135.405,135.5297,135.405,135.475,193826.0
2019-09-11 11:30:00,135.4754,135.6298,135.4697,135.4854,174917.0
2019-09-11 11:35:00,135.49,135.69,135.49,135.575,309278.0
2019-09-11 11:40:00,135.565,135.64,135.535,135.57,227271.0
2019-09-11 11:45:00,135.57,135.62,135.495,135.54,251734.0
2019-09-11 11:50:00,135.54,135.5967,135.4815,135.595,247983.0
2019-09-11 11:55:00,135.59,135.61,135.48,135.51,232319.0
2019-09-11 12:00:00,135.51,135.565,135.505,135.52,223553.0
2019-09-11 12:05:00,135.515,135.64,135.505,135.6399,187297.0
2019-09-11 12:10:00,135.64,135.74,135.56,135.56,281405.0
2019-09-11 12:15:00,135.565,135.63,135.47,135.6,263138.0
2019-09-11 12:20:00,135.61,135.665,135.575,135.635,197487.0
2019-09-11 12:25:00,135.64,135.68,135.535,135.535,194498.0
2019-09-11 12:30:00,135.54,135.545,135.47,135.51,189545.0
2019-09-11 12:35:00,135.505,135.54,135.38,135.41,187504.0
2019-09-11 12:40:00,135.41,135.42,135.28,135.31,174854.0
2019-09-11 12:45:00,135.3122,135.5173,135.277,135.3722,252379.0
2019-09-11 12:50:00,135.365,135.4899,135.35,135.4828,135693.0
2019-09-11 12:55:00,135.485,135.5,135.42,135.45,130090.0
2019-09-11 13:00:00,135.45,135.69,135.45,135.58,274715.0
2019-09-11 13:05:00,135.58,135.6132,135.49,135.55,127587.0
2019-09-11 13:10:00,135.55,135.57,135.52,135.545,96586.0
2019-09-11 13:15:00,135.5403,135.73,135.53,135.675,139066.0
2019-09-11 13:20:00,135.675,135.82,135.67,135.76,124170.0
2019-09-11 13:25:00,135.765,135.79,135.727,135.79,134656.0
2019-09-11 13:30:00,135.785,135.825,135.71,135.71,142826.0
2019-09-11 13:35:00,135.72,135.81,135.72,135.78,212177.0
2019-09-11 13:40:00,135.77,135.78,135.71,135.77,99934.0
2019-09-11 13:45:00,135.765,135.77,135.55,135.655,190669.0
2019-09-11 13:50:00,135.66,135.74,135.645,135.715,99978.0
2019-09-11 13:55:00,135.71,135.725,135.635,135.65,113486.0
2019-09-11 14:00:00,135.66,135.7,135.63,135.65,113068.0
2019-09-11 14:05:00,135.65,135.66,135.5536,135.56,118058.0
2019-09-11 14:10:00,135.55,135.76,135.55,135.75,112559.0
2019-09-11 14:15:00,135.75,135.76,135.63,135.67,91786.0
2019-09-11 14:20:00,135.66,135.665,135.59,135.64,78068.0
2019-09-11 14:25:00,135.64,135.7,135.61,135.635,87157.0
2019-09-11 14:30:00,135.63,135.66,135.57,135.5735,110110.0
2019-09-11 14:35:00,135.58,135.6,135.53,135.54,118802.0
2019-09-11 14:40:00,135.5458,135.63,135.54,135.61,133974.0
2019-09-11 14:45:00,135.61,135.74,135.6,135.695,114418.0
2019-09-11 14:50:00,135.7,135.719,135.61,135.62,96676.0
2019-09-11 14:55:00,135.62,135.65,135.585,135.65,164046.0
2019-09-11 15:00:00,135.65,135.7,135.64,135.7,116028.0
2019-09-11 15:05:00,135.7,135.79,135.695,135.78,225008.0
2019-09-11 15:10:00,135.77,135.785,135.77,135.7821,122063.0
2019-09-11 15:15:00,135.78,135.86,135.78,135.79,155474.0
2019-09-11 15:20:00,135.795,135.83,135.78,135.8,146613.0
2019-09-11 15:25:00,135.8,135.81,135.74,135.74,144687.0
2019-09-11 15:30:00,135.74,135.78,135.735,135.735,179202.0
2019-09-11 15:35:00,135.75,135.75,135.715,135.7267,175342.0
2019-09-11 15:40:00,135.725,135.9488,135.695,135.9,449401.0
2019-09-11 15:45:00,135.89,135.98,135.875,135.875,256500.0
2019-09-11 15:50:00,135.8749,135.9962,135.776,135.8199,427448.0
2019-09-11 15:55:00,135.83,136.0,135.817,135.9949,625648.0
2019-09-11 16:00:00,135.99,136.15,135.78,136.15,1862023.0
2019-09-12 09:35:00,137.5998,137.8434,137.353,137.6236,1617110.0
2019-09-12 09:40:00,137.6458,137.8825,137.3745,137.4657,664159.0
2019-09-12 09:45:00,137.48,137.59,137.01,137.0502,514383.0
2019-09-12 09:50:00,137.08,137.5,137.04,137.14,519947.0
2019-09-12 09:55:00,137.13,137.16,136.88,136.94,515373.0
2019-09-12 10:00:00,136.95,137.22,136.88,137.1,396586.0
2019-09-12 10:05:00,137.095,137.39,137.08,137.39,427405.0
2019-09-12 10:10:00,137.4,137.48,137.307,137.46,286654.0
2019-09-12 10:15:00,137.47,138.09,137.39,137.53,1378561.0
2019-09-12 10:20:00,137.54,137.92,137.54,137.8,605303.0
2019-09-12 10:25:00,137.8127,138.033,137.585,137.7127,484853.0
2019-09-12 10:30:00,137.7,137.94,137.69,137.8689,275508.0
2019-09-12 10:35:00,137.87,137.96,137.8,137.861,230421.0
2019-09-12 10:40:00,137.8844,138.0153,137.6729,137.7744,256402.0
2019-09-12 10:45:00,137.78,137.81,137.69,137.74,189662.0
2019-09-12 10:50:00,137.75,137.99,137.73,137.97,171633.0
2019-09-12 10:55:00,137.9822,138.1195,137.1887,137.3922,569640.0
2019-09-12 11:00:00,137.37,137.62,137.3,137.44,189537.0
2019-09-12 11:05:00,137.42,137.5,137.19,137.269,219996.0
2019-09-12 11:10:00,137.2657,137.4021,137.1518,137.1857,147406.0
2019-09-12 11:15:00,137.17,137.41,137.16,137.41,138216.0
2019-09-12 11:20:00,137.42,137.58,137.33,137.57,178367.0
2019-09-12 11:25:00,137.5649,137.6708,137.48,137.6567,205156.0
2019-09-12 11:30:00,137.66,137.67,137.51,137.58,125607.0
2019-09-12 11:35:00,137.58,137.62,137.3,137.31,129654.0
2019-09-12 11:40:00,137.32,137.42,137.3,137.42,109759.0
2019-09-12 11:45:00,137.43,137.43,137.27,137.32,128693.0
2019-09-12 11:50:00,137.3,137.35,137.24,137.24,218012.0
2019-09-12 11:55:00,137.25,137.59,137.23,137.57,182318.0
2019-09-12 12:00:00,137.56,137.59,137.39,137.49,115601.0
2019-09-12 12:05:00,137.47,137.51,137.37,137.45,144913.0
2019-09-12 12:10:00,137.46,137.48,137.37,137.41,118761.0
2019-09-12 12:15:00,137.43,137.57,137.43,137.54,99066.0
2019-09-12 12:20:00,137.54,137.55,137.33,137.34,140609.0
2019-09-12 12:25:00,137.3476,137.49,137.345,137.43,154011.0
2019-09-12 12:30:00,137.42,137.75,137.41,137.75,316687.0
2019-09-12 12:35:00,137.745,138.025,137.74,137.99,485983.0
2019-09-12 12:40:00,137.995,138.05,137.82,137.8803,242601.0
2019-09-12 12:45:00,137.89,137.97,137.865,137.96,203524.0
2019-09-12 12:50:00,137.965,138.08,137.9359,138.0015,181042.0
2019-09-12 12:55:00,138.0044,138.045,137.97,138.043,116927.0
2019-09-12 13:00:00,138.05,138.1,138.035,138.07,157754.0
2019-09-12 13:05:00,138.0641,138.33,138.0633,138.1388,327625.0
2019-09-12 13:10:00,138.14,138.21,137.93,137.93,290491.0
2019-09-12 13:15:00,137.922,138.077,137.92,138.0141,165956.0
2019-09-12 13:20:00,138.015,138.06,137.99,138.015,105216.0
2019-09-12 13:25:00,138.01,138.07,138.01,138.025,91630.0
2019-09-12 13:30:00,138.02,138.13,138.0125,138.11,133546.0
2019-09-12 13:35:00,138.1066,138.27,138.1,138.245,136432.0
2019-09-12 13:40:00,138.243,138.25,138.13,138.13,118845.0
2019-09-12 13:45:00,138.14,138.34,138.13,138.3352,157266.0
2019-09-12 13:50:00,138.34,138.42,138.29,138.29,276241.0
2019-09-12 13:55:00,138.295,138.42,138.218,138.2199,224179.0
2019-09-12 14:00:00,138.22,138.23,138.175,138.23,108651.0
2019-09-12 14:05:00,138.2252,138.24,138.085,138.12,216822.0
2019-09-12 14:10:00,138.1,138.13,138.05,138.06,114705.0
2019-09-12 14:15:00,138.065,138.16,138.05,138.0998,95807.0
2019-09-12 14:20:00,138.09,138.115,138.03,138.055,115507.0
2019-09-12 14:25:00,138.06,138.1,138.04,138.085,110210.0
2019-09-12 14:30:00,138.08,138.15,138.08,138.14,88357.0
2019-09-12 14:35:00,138.14,138.195,138.09,138.19,141861.0
2019-09-12 14:40:00,138.1971,138.2,138.17,138.18,149854.0
2019-09-12 14:45:00,138.19,138.32,138.182,138.22,167969.0
2019-09-12 14:50:00,138.23,138.255,138.1548,138.2,87268.0
2019-09-12 14:55:00,138.21,138.28,138.205,138.25,121298.0
2019-09-12 15:00:00,138.25,138.26,138.18,138.2,160687.0
2019-09-12 15:05:00,138.21,138.22,138.07,138.085,193112.0
2019-09-12 15:10:00,138.085,138.09,138.01,138.09,168871.0
2019-09-12 15:15:00,138.0841,138.095,138.012,138.0359,122735.0
2019-09-12 15:20:00,138.03,138.04,137.95,137.98,134751.0
2019-09-12 15:25:00,137.97,138.15,137.96,138.1,198700.0
2019-09-12 15:30:00,138.1,138.1,137.98,137.99,125195.0
2019-09-12 15:35:00,138.0,138.17,137.96,138.065,221781.0
2019-09-12 15:40:00,138.06,138.18,138.05,138.095,234875.0
2019-09-12 15:45:00,138.09,138.09,137.89,137.925,323166.0
2019-09-12 15:50:00,137.925,137.98,137.91,137.91,352803.0
2019-09-12 15:55:00,137.905,137.96,137.765,137.845,559199.0
2019-09-12 16:00:00,137.85,137.86,137.5,137.54,1182908.0
2019-09-13 09:35:00,137.73,137.76,137.05,137.06,817381.0
2019-09-13 09:40:00,137.0705,137.15,136.72,136.8065,618521.0
2019-09-13 09:45:00,136.8051,137.25,136.8,137.1051,478567.0
2019-09-13 09:50:00,137.1,137.15,137.046,137.11,295406.0
2019-09-13 09:55:00,137.12,137.54,137.12,137.44,402399.0
2019-09-13 10:00:00,137.45,137.49,137.29,137.37,298955.0
2019-09-13 10:05:00,137.37,137.46,137.14,137.17,260321.0
2019-09-13 10:10:00,137.1957,137.4021,137.1118,137.1157,226755.0
2019-09-13 10:15:00,137.1127,137.25,137.05,137.1577,248241.0
2019-09-13 10:20:00,137.155,137.48,137.1431,137.48,274474.0
2019-09-13 10:25:00,137.49,137.637,137.49,137.575,261406.0
2019-09-13 10:30:00,137.58,137.84,137.56,137.78,291045.0
2019-09-13 10:35:00,137.78,137.92,137.73,137.75,373889.0
2019-09-13 10:40:00,137.75,137.84,137.575,137.84,307765.0
2019-09-13 10:45:00,137.83,137.905,137.8,137.84,199441.0
2019-09-13 10:50:00,137.85,137.93,137.83,137.925,172749.0
2019-09-13 10:55:00,137.9401,137.99,137.845,137.94,199917.0
2019-09-13 11:00:00,137.94,137.97,137.75,137.76,181105.0
2019-09-13 11:05:00,137.76,137.92,137.755,137.87,164275.0
2019-09-13 11:10:00,137.87,138.055,137.865,137.99,239636.0
2019-09-13 11:15:00,137.98,137.98,137.86,137.94,124185.0
2019-09-13 11:20:00,137.85,137.9,137.8,137.815,174272.0
2019-09-13 11:25:00,137.82,137.88,137.74,137.755,188620.0
2019-09-13 11:30:00,137.76,137.8,137.33,137.37,364613.0
2019-09-13 11:35:00,137.36,137.44,137.35,137.35,161552.0
2019-09-13 11:40:00,137.36,137.39,137.23,137.27,196163.0
2019-09-13 11:45:00,137.27,137.43,137.2507,137.43,181686.0
2019-09-13 11:50:00,137.43,137.53,137.37,137.52,150776.0
2019-09-13 11:55:00,137.5242,137.595,137.45,137.46,187162.0
2019-09-13 12:00:00,137.47,137.57,137.43,137.43,94350.0
2019-09-13 12:05:00,137.43,137.5,137.41,137.49,168406.0
2019-09-13 12:10:00,137.5,137.68,137.49,137.61,112467.0
2019-09-13 12:15:00,137.605,137.629,137.51,137.6,98537.0
2019-09-13 12:20:00,137.61,137.62,137.58,137.62,123027.0
2019-09-13 12:25:00,137.615,137.615,137.4,137.46,158828.0
2019-09-13 12:30:00,137.45,137.46,137.33,137.385,215404.0
2019-09-13 12:35:00,137.38,137.38,137.28,137.34,149048.0
2019-09-13 12:40:00,137.335,137.45,137.335,137.38,128568.0
2019-09-13 12:45:00,137.38,137.39,137.32,137.39,113453.0
2019-09-13 12:50:00,137.39,137.42,137.31,137.31,122885.0
2019-09-13 12:55:00,137.31,137.39,137.21,137.32,182399.0
2019-09-13 13:00:00,137.33,137.37,137.28,137.28,103917.0
2019-09-13 13:05:00,137.28,137.28,137.15,137.165,169820.0
2019-09-13 13:10:00,137.1684,137.39,137.1423,137.37,148734.0
2019-09-13 13:15:00,137.36,137.43,137.322,137.43,114163.0
2019-09-13 13:20:00,137.42,137.58,137.4114,137.425,173110.0
2019-09-13 13:25:00,137.4265,137.43,137.35,137.3656,91612.0
2019-09-13 13:30:00,137.365,137.42,137.33,137.42,163402.0
2019-09-13 13:35:00,137.41,137.47,137.38,137.47,80958.0
2019-09-13 13:40:00,137.46,137.48,137.38,137.475,72371.0
2019-09-13 13:45:00,137.47,137.475,137.23,137.32,155354.0
2019-09-13 13:50:00,137.32,137.48,137.28,137.48,162948.0
2019-09-13 13:55:00,137.49,137.53,137.455,137.53,117584.0
2019-09-13 14:00:00,137.52,137.53,137.28,137.29,119913.0
2019-09-13 14:05:00,137.29,137.3872,137.26,137.34,93675.0
2019-09-13 14:10:00,137.335,137.385,137.33,137.385,79745.0
2019-09-13 14:15:00,137.38,137.38,137.26,137.28,106199.0
2019-09-13 14:20:00,137.283,137.3,137.21,137.24,122222.0
2019-09-13 14:25:00,137.24,137.325,137.23,137.32,122303.0
2019-09-13 14:30:00,137.305,137.3201,137.185,137.275,86466.0
2019-09-13 14:35:00,137.275,137.365,137.275,137.33,102997.0
2019-09-13 14:40:00,137.33,137.34,137.29,137.32,100246.0
2019-09-13 14:45:00,137.32,137.48,137.31,137.385,131030.0
2019-09-13 14:50:00,137.38,137.38,137.18,137.2361,122588.0
2019-09-13 14:55:00,137.25,137.39,137.245,137.31,105638.0
2019-09-13 15:00:00,137.31,137.42,137.31,137.36,112237.0
2019-09-13 15:05:00,137.36,137.367,137.12,137.13,178513.0
2019-09-13 15:10:00,137.13,137.16,136.97,136.97,175500.0
2019-09-13 15:15:00,136.97,137.07,136.91,137.0,209151.0
2019-09-13 15:20:00,136.99,137.01,136.905,136.985,137068.0
2019-09-13 15:25:00,136.97,136.99,136.89,136.985,176457.0
2019-09-13 15:30:00,136.98,137.02,136.94,137.005,158070.0
2019-09-13 15:35:00,137.0,137.041,136.95,137.0406,190238.0
2019-09-13 15:40:00,137.045,137.15,137.035,137.085,284683.0
2019-09-13 15:45:00,137.09,137.239,137.07,137.239,288104.0
2019-09-13 15:50:00,137.23,137.28,137.11,137.1899,254607.0
2019-09-13 15:55:00,137.18,137.36,137.125,137.22,563768.0
2019-09-13 16:00:00,137.22,137.49,137.15,137.22,1265854.0
