item_id,timestamp,open_,high,low,target_value,volume
0,2019-09-13,137.78,138.06,136.57,137.32,16554185.0
1,2019-09-12,137.85,138.42,136.87,137.52,25750600.0
2,2019-09-11,135.91,136.27,135.09,136.12,24726100.0
3,2019-09-10,136.8,136.89,134.51,136.08,28903400.0
4,2019-09-09,139.59,139.75,136.46,137.52,25773900.0
5,2019-09-06,140.03,140.18,138.2,139.1,20824500.0
6,2019-09-05,139.11,140.38,138.76,140.05,26101800.0
7,2019-09-04,137.3,137.69,136.48,137.63,17995900.0
8,2019-09-03,136.61,137.2,135.7,136.04,18869300.0
9,2019-08-30,139.15,139.18,136.27,137.86,23940100.0
10,2019-08-29,137.25,138.44,136.91,138.12,20168700.0
11,2019-08-28,134.88,135.76,133.55,135.56,17393300.0
12,2019-08-27,136.39,136.72,134.66,135.74,23102100.0
13,2019-08-26,134.99,135.56,133.9,135.45,20312600.0
14,2019-08-23,137.19,138.35,132.8,133.39,38508600.0
15,2019-08-22,138.66,139.2,136.29,137.78,18697000.0
16,2019-08-21,138.55,139.49,138.0,138.79,14970300.0
17,2019-08-20,138.21,138.71,137.24,137.26,21170800.0
18,2019-08-19,137.85,138.55,136.89,138.41,24355700.0
19,2019-08-16,134.88,136.46,134.72,136.13,24449100.0
20,2019-08-15,134.39,134.58,132.25,133.68,28074400.0
21,2019-08-14,136.36,136.92,133.67,133.98,32527300.0
22,2019-08-13,136.05,138.8,135.0,138.6,25154600.0
23,2019-08-12,137.07,137.86,135.24,135.79,20476600.0
24,2019-08-09,138.61,139.38,136.46,137.71,23466700.0
25,2019-08-08,136.6,138.99,135.93,138.89,27496500.0
26,2019-08-07,133.79,135.65,131.828,135.28,33414500.0
27,2019-08-06,133.8,135.68,133.21,134.69,32696700.0
28,2019-08-05,133.3,133.93,130.78,132.21,42749600.0
29,2019-08-02,138.09,138.32,135.26,136.9,30791600.0
30,2019-08-01,137.0,140.94,136.93,138.06,40557500.0
31,2019-07-31,140.33,140.49,135.08,136.27,38598800.0
32,2019-07-30,140.14,141.22,139.8,140.35,16846500.0
33,2019-07-29,141.5,141.51,139.37,141.03,16605900.0
34,2019-07-26,140.37,141.68,140.3,141.34,19037600.0
35,2019-07-25,140.43,140.61,139.32,140.19,18356900.0
36,2019-07-24,138.8968,140.74,138.85,140.72,20738300.0
37,2019-07-23,139.76,139.99,138.03,139.29,18034600.0
38,2019-07-22,137.41,139.19,137.33,138.43,25074900.0
39,2019-07-19,140.22,140.67,136.45,136.62,48992400.0
40,2019-07-18,135.55,136.62,134.67,136.42,30808700.0
41,2019-07-17,137.7,137.93,136.22,136.27,20211000.0
42,2019-07-16,138.96,139.05,136.52,137.08,22726100.0
43,2019-07-15,139.44,139.54,138.46,138.9,16651500.0
44,2019-07-12,138.85,139.13,138.01,138.9,18936800.0
45,2019-07-11,138.2,139.22,137.87,138.4,22327900.0
46,2019-07-10,137.13,138.58,137.02,137.85,24204400.0
47,2019-07-09,136.0,136.97,135.8,136.46,19953100.0
48,2019-07-08,136.4,137.1,135.37,136.96,16779700.0
49,2019-07-05,135.94,137.33,135.72,137.06,18141100.0
50,2019-07-03,136.8,137.74,136.295,137.46,13629300.0
51,2019-07-02,136.12,136.59,135.3291,136.58,15237800.0
52,2019-07-01,136.63,136.7,134.97,135.68,22654200.0
53,2019-06-28,134.57,134.6,133.156,133.96,30043000.0
54,2019-06-27,134.14,134.71,133.51,134.15,16557500.0
55,2019-06-26,134.35,135.7327,133.6,133.93,23657700.0
56,2019-06-25,137.25,137.59,132.73,133.43,33327400.0
57,2019-06-24,137.0,138.4,137.0,137.78,20628800.0
58,2019-06-21,136.58,137.73,136.46,136.97,36727900.0
59,2019-06-20,137.45,137.66,135.72,136.95,33042600.0
60,2019-06-19,135.0,135.93,133.81,135.69,23744400.0
61,2019-06-18,134.19,135.24,133.57,135.16,25934500.0
62,2019-06-17,132.63,133.73,132.53,132.85,14517800.0
63,2019-06-14,132.26,133.79,131.64,132.45,17821700.0
64,2019-06-13,131.98,132.67,131.56,132.32,17200800.0
65,2019-06-12,131.4,131.97,130.71,131.49,17092500.0
66,2019-06-11,133.88,134.24,131.276,132.1,23913700.0
67,2019-06-10,132.4,134.08,132.0,132.6,26477100.0
68,2019-06-07,129.1903,132.25,128.26,131.4,33885600.0
69,2019-06-06,126.44,127.97,125.6,127.82,21459000.0
70,2019-06-05,124.95,125.87,124.21,125.83,24926100.0
71,2019-06-04,121.28,123.28,120.652,123.16,29382600.0
72,2019-06-03,123.85,124.37,119.01,119.84,37983600.0
73,2019-05-31,124.23,124.615,123.32,123.68,26646800.0
74,2019-05-30,125.26100000000001,125.76,124.78,125.73,16829600.0
75,2019-05-29,125.38,125.39,124.04,124.94,22763100.0
76,2019-05-28,126.98,128.0,126.05,126.16,23128400.0
77,2019-05-24,126.91,127.415,125.97,126.24,14123400.0
78,2019-05-23,126.2,126.29,124.74,126.18,23603800.0
79,2019-05-22,126.62,128.24,126.5293,127.67,15396500.0
80,2019-05-21,127.43,127.527,126.58,126.9,15293300.0
81,2019-05-20,126.52,127.589,125.76100000000001,126.22,23706900.0
82,2019-05-17,128.305,130.46,127.92,128.07,25770500.0
83,2019-05-16,126.75,129.38,126.46,128.93,30112200.0
84,2019-05-15,124.26,126.7115,123.7,126.02,24722700.0
85,2019-05-14,123.87,125.88,123.7,124.73,25266300.0
86,2019-05-13,124.11,125.55,123.04,123.35,33944900.0
87,2019-05-10,124.9172,127.93,123.82,127.13,30915100.0
88,2019-05-09,124.295,125.79,123.57,125.5,27235800.0
89,2019-05-08,125.44,126.37,124.75,125.51,28419000.0
90,2019-05-07,126.46,127.18,124.22,125.52,36017700.0
91,2019-05-06,126.39,128.56,126.1084,128.15,24239800.0
92,2019-05-03,127.36,129.43,127.25,128.9,24911100.0
93,2019-05-02,127.98,128.0,125.52,126.21,27350200.0
94,2019-05-01,130.53,130.65,127.7,127.88,26821700.0
95,2019-04-30,129.81,130.7,129.395,130.6,24166500.0
96,2019-04-29,129.9,130.18,129.35,129.77,16324200.0
97,2019-04-26,129.7,130.515,129.02,129.89,23654900.0
98,2019-04-25,130.06,131.37,128.83,129.15,38033900.0
99,2019-04-24,125.79,125.85,124.52,125.01,31257000.0
100,2019-04-23,124.1,125.58,123.83,125.44,24025500.0
101,2019-04-22,122.62,124.0,122.57,123.76,15648700.0
102,2019-04-18,122.19,123.52,121.302,123.37,27991000.0
103,2019-04-17,121.24,121.85,120.5468,121.77,19300900.0
104,2019-04-16,121.64,121.64299999999999,120.1,120.77,14071800.0
105,2019-04-15,120.94,121.58,120.57,121.05,15792600.0
106,2019-04-12,120.64,120.98,120.37,120.95,19745100.0
107,2019-04-11,120.54,120.8515,119.92,120.33,14209100.0
108,2019-04-10,119.76,120.35,119.54,120.19,16477200.0
109,2019-04-09,118.63,119.54,118.5774,119.28,17612000.0
110,2019-04-08,119.81,120.02,118.64,119.93,15116200.0
111,2019-04-05,119.39,120.23,119.37,119.89,15826200.0
112,2019-04-04,120.1,120.23,118.38,119.36,20112800.0
113,2019-04-03,119.86,120.43,119.15,119.97,22860700.0
114,2019-04-02,119.06,119.48,118.52,119.19,18142300.0
115,2019-04-01,118.95,119.109,118.1,119.02,22789100.0
116,2019-03-29,118.07,118.32,116.96,117.94,25399800.0
117,2019-03-28,117.43299999999999,117.58,116.13,116.93,18334800.0
118,2019-03-27,117.875,118.21,115.522,116.77,22733400.0
119,2019-03-26,118.62,118.705,116.8468,117.91,26097700.0
120,2019-03-25,116.56,118.01,116.322,117.66,27067100.0
121,2019-03-22,119.5,119.59,117.04,117.05,33624500.0
122,2019-03-21,117.135,120.82,117.09,120.22,29854400.0
123,2019-03-20,117.39,118.75,116.71,117.52,28113300.0
124,2019-03-19,118.09,118.44,116.99,117.65,37588700.0
125,2019-03-18,116.17,117.61,116.0502,117.57,31207600.0
126,2019-03-15,115.34,117.2544,114.59,115.91,54681100.0
127,2019-03-14,114.54,115.2,114.33,114.59,30763400.0
128,2019-03-13,114.13,115.0,113.78,114.5,35513800.0
129,2019-03-12,112.82,113.99,112.65,113.62,26132700.0
130,2019-03-11,110.99,112.9423,110.98,112.83,26491600.0
131,2019-03-08,109.166,110.71,108.8,110.51,22818400.0
132,2019-03-07,111.4,111.55,109.8632,110.39,25339000.0
133,2019-03-06,111.87,112.66,111.43,111.75,17687000.0
134,2019-03-05,112.25,112.39,111.23,111.7,19538300.0
135,2019-03-04,113.02,113.25,110.8,112.26,26608000.0
136,2019-03-01,112.89,113.02,111.665,112.53,23501200.0
137,2019-02-28,112.04,112.88,111.73,112.03,29083900.0
138,2019-02-27,111.69,112.36,110.88,112.17,21487100.0
139,2019-02-26,111.26,113.24,111.17,112.36,21536700.0
140,2019-02-25,111.76,112.18,111.26,111.59,23750600.0
141,2019-02-22,110.05,111.2,109.82,110.97,27763200.0
142,2019-02-21,106.9,109.48,106.87,109.41,29063200.0
143,2019-02-20,107.86,107.94,106.29,107.15,21607700.0
144,2019-02-19,107.79,108.66,107.78,108.17,18038500.0
145,2019-02-15,107.91,108.3,107.36200000000001,108.22,26606900.0
146,2019-02-14,106.31,107.29,105.66,106.9,21784700.0
147,2019-02-13,107.5,107.78,106.71,106.81,18394900.0
148,2019-02-12,106.14,107.14,105.48,106.89,25056600.0
149,2019-02-11,106.2,106.5817,104.965,105.25,18914100.0
150,2019-02-08,104.39,105.78,104.26,105.67,21461100.0
151,2019-02-07,105.1891,105.59,104.29,105.27,29760700.0
152,2019-02-06,107.0,107.0,105.53,106.03,20609800.0
153,2019-02-05,106.06,107.27,105.96,107.22,27325400.0
154,2019-02-04,102.87,105.8017,102.77,105.74,31315100.0
155,2019-02-01,103.775,104.1046,102.35,102.78,35535700.0
156,2019-01-31,103.8,105.22,103.18,104.43,55636400.0
157,2019-01-30,104.62,106.3855,104.33,106.38,49471900.0
158,2019-01-29,104.88,104.97,102.17,102.94,31490500.0
159,2019-01-28,106.26,106.4848,104.66,105.08,29476700.0
160,2019-01-25,107.24,107.88,106.59,107.17,31225600.0
161,2019-01-24,106.86,107.0,105.34,106.2,23164800.0
162,2019-01-23,106.12,107.04,105.34,106.71,25874300.0
163,2019-01-22,106.75,107.1,104.86,105.68,32371300.0
164,2019-01-18,107.46,107.9,105.91,107.71,37427600.0
165,2019-01-17,105.0,106.625,104.76,106.12,28393000.0
166,2019-01-16,105.26,106.255,104.9598,105.38,29853900.0
167,2019-01-15,102.51,105.05,101.88,105.01,31587600.0
168,2019-01-14,101.9,102.87200000000001,101.26,102.05,28437100.0
169,2019-01-11,103.19,103.44,101.64,102.8,28314200.0
170,2019-01-10,103.22,103.75,102.38,103.6,30067600.0
171,2019-01-09,103.86,104.88,103.245,104.27,32280800.0
172,2019-01-08,103.04,103.97,101.713,102.8,31514400.0
173,2019-01-07,101.64,103.26799999999999,100.98,102.06,35656100.0
174,2019-01-04,99.72,102.51,98.93,101.93,44060600.0
175,2019-01-03,100.1,100.185,97.2,97.4,42579100.0
176,2019-01-02,99.55,101.75,98.94,101.12,35329300.0
177,2018-12-31,101.2871,102.4,100.44,101.57,33173800.0
178,2018-12-28,102.09,102.41,99.52,100.39,38196300.0
179,2018-12-27,99.3,101.19,96.4,101.18,49498500.0
180,2018-12-26,95.14,100.69,93.96,100.56,51634800.0
181,2018-12-24,97.68,97.97,93.98,94.13,43935200.0
182,2018-12-21,101.63,103.0,97.46,98.23,111242100.0
183,2018-12-20,103.05,104.31,98.78,101.51,70334200.0
184,2018-12-19,103.65,106.8773,101.35,103.69,68198200.0
185,2018-12-18,103.75,104.51,102.52,103.97,49319200.0
186,2018-12-17,105.41,105.8,101.71,102.89,56957300.0
187,2018-12-14,108.2588,109.26,105.5,106.03,47043100.0
188,2018-12-13,109.58,110.87,108.63,109.45,31333400.0
189,2018-12-12,110.89,111.27,109.04,109.08,36183000.0
190,2018-12-11,109.8,110.95,107.44,108.59,42381900.0
191,2018-12-10,104.8,107.98,103.89,107.59,40801500.0
192,2018-12-07,108.38,109.45,104.3,104.82,45044900.0
193,2018-12-06,105.82,109.24,105.0,109.19,49107400.0
194,2018-12-04,111.94,112.637,108.212,108.52,45197000.0
195,2018-12-03,113.0,113.42,110.7463,112.09,34732800.0
196,2018-11-30,110.7,110.97,109.36,110.89,33665600.0
197,2018-11-29,110.33,111.115,109.03,110.19,28123200.0
198,2018-11-28,107.89,111.33,107.86,111.12,46788500.0
199,2018-11-27,106.27,107.33,105.36,107.14,29124500.0
200,2018-11-26,104.79,106.63,104.58,106.47,32336200.0
201,2018-11-23,102.17,103.81,102.0,103.07,13823100.0
202,2018-11-21,103.6,104.43,102.2445,103.11,28130600.0
203,2018-11-20,101.8,102.97,99.353,101.71,64052500.0
204,2018-11-19,108.2743,108.56,103.55,104.62,44773900.0
205,2018-11-16,107.08,108.8761,106.8,108.29,33502100.0
206,2018-11-15,104.99,107.8,103.91,107.28,38505200.0
207,2018-11-14,108.1,108.26,104.47,104.97,39495100.0
208,2018-11-13,107.55,108.74,106.64,106.94,35374600.0
209,2018-11-12,109.42,109.96,106.1,106.87,33621800.0
210,2018-11-09,110.85,111.45,108.76,109.57,32039200.0
211,2018-11-08,111.8,112.21,110.91,111.75,25644100.0
212,2018-11-07,109.44,112.2409,109.4,111.96,37901700.0
213,2018-11-06,107.38,108.8366,106.28,107.72,24340200.0
214,2018-11-05,106.37,107.74,105.9,107.51,27922100.0
215,2018-11-02,106.48,107.32,104.975,106.16,37680200.0
216,2018-11-01,107.05,107.32,105.53,105.92,33384200.0
217,2018-10-31,105.435,108.14,105.39,106.81,51062400.0
218,2018-10-30,103.66,104.38,100.11,103.73,65350900.0
219,2018-10-29,108.105,108.7,101.63,103.85,55162000.0
220,2018-10-26,105.69,108.75,104.76,106.96,55523100.0
221,2018-10-25,106.55,109.27,106.15,108.3,61646800.0
222,2018-10-24,108.41,108.49,101.59,102.32,63897800.0
223,2018-10-23,107.77,108.97,105.11,108.1,43770400.0
224,2018-10-22,109.32,110.54,108.24,109.63,26545600.0
225,2018-10-19,108.93,110.86,108.21,108.66,32785500.0
226,2018-10-18,110.1,110.53,107.83,108.5,32506200.0
227,2018-10-17,111.68,111.81,109.54799999999999,110.71,26548200.0
228,2018-10-16,109.54,111.41,108.95,111.0,31610200.0
229,2018-10-15,108.91,109.48,106.947,107.6,32068100.0
230,2018-10-12,109.01,111.24,107.12,109.57,47742100.0
231,2018-10-11,105.35,108.93,104.2,105.91,63904300.0
232,2018-10-10,111.24,111.5,105.79,106.16,61376300.0
233,2018-10-09,111.14,113.08,110.8,112.26,26198600.0
234,2018-10-08,111.66,112.03,109.34,110.85,29640600.0
235,2018-10-05,112.6289,113.17,110.64,112.13,29068900.0
236,2018-10-04,114.61,114.759,111.63,112.79,34821700.0
237,2018-10-03,115.42,116.1796,114.93,115.17,16648000.0
238,2018-10-02,115.3,115.84,114.44,115.15,20787200.0
239,2018-10-01,114.75,115.68,114.73,115.61,18883100.0
240,2018-09-28,114.19,114.57,113.6742,114.37,21647800.0
241,2018-09-27,114.78,114.91,114.2,114.41,19091300.0
242,2018-09-26,114.47,115.055,113.74,113.98,19352000.0
243,2018-09-25,114.8,115.0857,113.75,114.45,22668000.0
244,2018-09-24,113.03,114.9,112.21799999999999,114.67,27334500.0
245,2018-09-21,114.0,115.29,113.51,114.26,71229700.0
246,2018-09-20,112.28,113.8155,111.93,113.57,23714500.0
247,2018-09-19,113.05,113.32,111.035,111.7,21728400.0
248,2018-09-18,112.19,113.695,111.72,113.21,22170900.0
249,2018-09-17,113.69,113.7,111.86,112.14,20736500.0
250,2018-09-14,113.36,113.73,112.44,113.37,19122300.0
251,2018-09-13,112.12,113.725,112.12,112.91,26055600.0
252,2018-09-12,111.43,111.85,110.51,111.71,18891100.0
253,2018-09-11,108.9,111.59,108.89,111.24,24301800.0
254,2018-09-10,108.84,109.6353,108.36,109.38,20727900.0
255,2018-09-07,108.23,108.725,107.23,108.21,22498600.0
256,2018-09-06,108.25,108.99,107.51,108.74,23477600.0
257,2018-09-05,111.01,111.42,108.1,108.49,32872400.0
258,2018-09-04,110.85,111.955,110.22,111.71,22634600.0
259,2018-08-31,111.685,112.777,111.515,112.33,23222700.0
260,2018-08-30,111.67,112.61,111.44,111.95,22798700.0
261,2018-08-29,110.45,112.03,110.27,112.02,20818000.0
262,2018-08-28,109.94,110.4928,109.79,110.26,19151500.0
263,2018-08-27,109.27,109.64,108.51,109.6,19662300.0
264,2018-08-24,107.67,108.56,107.56,108.4,17234000.0
265,2018-08-23,107.15,108.18,106.8715,107.56,18167700.0
266,2018-08-22,105.85,107.34,105.78,107.06,18000600.0
267,2018-08-21,106.92,107.35,105.85,105.98,22881900.0
268,2018-08-20,107.51,107.9,106.48,106.87,17914200.0
269,2018-08-17,107.3588,107.9,106.69,107.58,18061500.0
270,2018-08-16,108.3,108.86,107.3,107.64,21384300.0
271,2018-08-15,108.49,108.985,106.82,107.66,29982800.0
272,2018-08-14,108.56,109.75,108.04,109.56,16788300.0
273,2018-08-13,109.24,109.58,108.1,108.21,18472500.0
274,2018-08-10,109.42,109.69,108.38,109.0,18183700.0
275,2018-08-09,109.71,110.16,109.6,109.67,13677200.0
276,2018-08-08,109.33,109.75,108.76,109.49,15487500.0
277,2018-08-07,108.56,109.1,108.17,108.88,16080200.0
278,2018-08-06,108.12,108.42,107.559,108.13,20265900.0
279,2018-08-03,107.8,108.05,106.82,108.04,18659600.0
280,2018-08-02,105.4,108.09,104.84,107.57,26104300.0
281,2018-08-01,106.03,106.446,105.42,106.28,23628700.0
282,2018-07-31,106.49,106.72,105.38,106.08,27655200.0
283,2018-07-30,107.19,107.53,104.76,105.37,34668300.0
284,2018-07-27,110.18,110.18,106.14,107.68,37005300.0
285,2018-07-26,110.74,111.0,109.5,109.62,31372100.0
286,2018-07-25,107.955,111.15,107.6,110.83,30702100.0
287,2018-07-24,108.57,108.82,107.26,107.66,26316600.0
288,2018-07-23,106.3,108.14,106.13,107.97,29707000.0
289,2018-07-20,108.08,108.2,106.08,106.27,56004000.0
290,2018-07-19,104.93,105.31,103.89,104.4,40171600.0
291,2018-07-18,105.9419,106.05,104.715,105.12,29493900.0
292,2018-07-17,104.61,106.5,104.32,105.95,25901700.0
293,2018-07-16,105.4,105.82,104.515,104.91,21786900.0
294,2018-07-13,104.37,105.6,104.09,105.43,24635200.0
295,2018-07-12,102.7713,104.41,102.73,104.19,24335900.0
296,2018-07-11,101.15,102.34,101.1,101.98,19644600.0
297,2018-07-10,102.0,102.51,101.86,102.12,19293100.0
298,2018-07-09,101.645,102.25,101.251,101.85,18212000.0
299,2018-07-06,99.885,101.43,99.67,101.16,19234600.0
300,2018-07-05,99.5,99.92,99.03,99.76,18977400.0
301,2018-07-03,100.48,100.63,98.94,99.05,14670300.0
302,2018-07-02,98.1,100.06,98.0003,100.01,19564500.0
303,2018-06-29,98.93,99.91,98.33,98.61,28053200.0
304,2018-06-28,97.38,99.11,97.26,98.63,26650700.0
305,2018-06-27,99.58,100.02,97.4,97.54,31298400.0
306,2018-06-26,98.82,100.08,98.7528,99.08,26897200.0
307,2018-06-25,100.0,100.11,97.3,98.39,35433300.0
308,2018-06-22,100.4099,100.77,99.625,100.41,38923100.0
309,2018-06-21,102.075,102.46,100.88,101.14,23198200.0
310,2018-06-20,101.37,102.52,101.12,101.87,26180800.0
311,2018-06-19,99.65,101.0,99.5,100.86,28653100.0
312,2018-06-18,100.01,101.11,99.42,100.86,23586000.0
313,2018-06-15,101.51,101.53,100.07,100.13,65738600.0
314,2018-06-14,101.65,102.03,101.0,101.42,25691800.0
315,2018-06-13,101.72,102.01,100.56,100.85,29492900.0
316,2018-06-12,101.1,101.449,100.75,101.31,18325200.0
317,2018-06-11,101.37,101.59,100.67,101.05,23490900.0
318,2018-06-08,101.09200000000001,101.95,100.5342,101.63,22165100.0
319,2018-06-07,102.65,102.69,100.38,100.88,28232200.0
320,2018-06-06,102.48,102.6,101.9,102.49,21122900.0
321,2018-06-05,102.0,102.33,101.5341,102.19,23514400.0
322,2018-06-04,101.26,101.86,100.851,101.67,27281600.0
323,2018-06-01,99.28,100.86,99.17,100.79,28655600.0
324,2018-05-31,99.29,99.99,98.61,98.84,34140900.0
325,2018-05-30,98.31,99.25,97.91,98.95,22158500.0
326,2018-05-29,97.84,98.88,97.23,98.01,28671000.0
327,2018-05-25,98.3,98.98,97.86,98.36,18363900.0
328,2018-05-24,98.725,98.94,96.81,98.31,26649300.0
329,2018-05-23,96.71,98.73,96.32,98.66,21251200.0
330,2018-05-22,97.68,98.17,97.2,97.5,15441200.0
331,2018-05-21,97.0,98.01,96.8,97.6,19422500.0
332,2018-05-18,96.01,96.93,96.01,96.36,17865800.0
333,2018-05-17,96.76,97.54,95.83,96.18,17246700.0
334,2018-05-16,97.36,97.4,96.615,97.15,17384700.0
335,2018-05-15,97.24,97.85,96.34,97.32,24594000.0
336,2018-05-14,97.92,98.69,97.31,98.03,19454100.0
337,2018-05-11,97.8,97.87,97.04,97.7,16778300.0
338,2018-05-10,97.46,97.95,97.05,97.91,22388100.0
339,2018-05-09,96.01,96.97,95.05,96.94,27327400.0
340,2018-05-08,95.846,96.16,95.06299999999999,95.81,23484600.0
341,2018-05-07,95.17,96.71,95.1,96.22,24242000.0
342,2018-05-04,93.32,95.37,92.92,95.16,22531300.0
343,2018-05-03,92.96,94.925,92.45,94.07,31142500.0
344,2018-05-02,94.99,95.17,93.19,93.51,27471000.0
345,2018-05-01,93.21,95.29,92.79,95.0,31408900.0
346,2018-04-30,96.33,96.396,93.15,93.52,41523600.0
347,2018-04-27,97.6,97.9,93.91,95.82,48272800.0
348,2018-04-26,93.55,95.15,93.1,94.26,42529000.0
349,2018-04-25,93.3,93.3,90.28,92.31,33729300.0
350,2018-04-24,96.242,96.47,92.41,93.12,34524800.0
351,2018-04-23,95.744,96.29,94.63,95.35,22331800.0
352,2018-04-20,95.91,96.11,94.05,95.0,31154400.0
353,2018-04-19,96.44,97.07,95.34,96.11,23552500.0
354,2018-04-18,96.22,96.72,95.52,96.44,21043300.0
355,2018-04-17,95.0,96.54,94.88,96.07,26771000.0
356,2018-04-16,94.07,94.66,93.42,94.17,20288100.0
357,2018-04-13,94.05,94.18,92.44,93.08,23346100.0
358,2018-04-12,92.43,94.16,92.4281,93.58,26758900.0
359,2018-04-11,92.01,93.29,91.48,91.86,24872100.0
360,2018-04-10,92.39,93.28,91.6376,92.88,26812000.0
361,2018-04-09,91.04,93.17,90.62,90.77,31533900.0
362,2018-04-06,91.49,92.46,89.48,90.23,38026000.0
363,2018-04-05,92.435,93.065,91.4,92.38,29771900.0
364,2018-04-04,87.85,92.76,87.73,92.33,35560000.0
365,2018-04-03,89.575,90.05,87.89,89.71,37213800.0
366,2018-04-02,90.4584,90.88,87.51,88.52,48515400.0
367,2018-03-29,90.18,92.29,88.4,91.27,45867500.0
368,2018-03-28,89.82,91.23,88.87299999999999,89.39,52501100.0
369,2018-03-27,94.94,95.139,88.51,89.47,56569000.0
370,2018-03-26,90.61,94.0,90.4,93.78,56396800.0
371,2018-03-23,89.5,90.46,87.08,87.18,44068900.0
372,2018-03-22,91.265,91.75,89.6614,89.79,38604700.0
373,2018-03-21,92.93,94.05,92.21,92.48,24457100.0
374,2018-03-20,93.05,93.77,93.0,93.13,23075200.0
375,2018-03-19,93.74,93.9,92.11,92.89,33344100.0
376,2018-03-16,94.68,95.38,93.92,94.6,49081300.0
377,2018-03-15,93.53,94.58,92.83,94.18,27611000.0
378,2018-03-14,95.12,95.41,93.5,93.85,32132000.0
379,2018-03-13,97.0,97.24,93.97,94.41,35387800.0
380,2018-03-12,96.5,97.21,96.04,96.77,26073700.0
381,2018-03-09,95.29,96.54,95.0,96.54,36937300.0
382,2018-03-08,94.27,95.1,93.765,94.43,25887800.0
383,2018-03-07,93.16,93.941,92.43,93.86,26716100.0
384,2018-03-06,94.34,94.49,92.93299999999999,93.32,22175800.0
385,2018-03-05,92.34,94.27,92.26,93.64,23901600.0
386,2018-03-02,91.58,93.15,90.86,93.05,32830400.0
387,2018-03-01,93.99,94.57,91.8362,92.85,37135600.0
388,2018-02-28,94.84,95.705,93.63,93.77,31167300.0
389,2018-02-27,95.74,95.84,94.2,94.2,25869100.0
390,2018-02-26,94.4,95.45,94.25,95.42,30199800.0
391,2018-02-23,92.75,94.07,92.36,94.06,26329200.0
392,2018-02-22,92.05,92.73,91.36,91.73,24392800.0
393,2018-02-21,92.98,93.359,91.49,91.49,26922500.0
394,2018-02-20,91.4792,93.06,91.01,92.72,30911700.0
395,2018-02-16,92.45,93.5,91.8,92.0,30596900.0
396,2018-02-15,91.21,92.7258,90.62,92.66,27823900.0
397,2018-02-14,88.51,90.99,88.41,90.81,34960900.0
398,2018-02-13,88.93,90.0,87.8,89.83,26407700.0
399,2018-02-12,88.735,89.78,87.9408,89.13,35720300.0
400,2018-02-09,86.3,88.93,83.8357,88.18,63499100.0
401,2018-02-08,89.71,89.875,84.76,85.01,55628700.0
402,2018-02-07,90.49,91.77,89.2,89.61,41107600.0
403,2018-02-06,86.89,91.475,85.25,91.33,67998600.0
404,2018-02-05,90.56,93.2421,88.0,88.0,51031500.0
405,2018-02-02,93.64,93.97,91.5,91.78,47867800.0
406,2018-02-01,94.79,96.07,93.581,94.26,47227900.0
407,2018-01-31,93.75,95.4,93.51,95.01,48756300.0
408,2018-01-30,93.3,93.66,92.1,92.74,38635100.0
409,2018-01-29,95.14,95.45,93.72,93.92,31569900.0
410,2018-01-26,93.12,94.06,92.58,94.06,29172200.0
411,2018-01-25,92.465,93.24,91.93,92.33,26383200.0
412,2018-01-24,92.55,93.43,91.58,91.82,33277500.0
413,2018-01-23,91.9,92.3,91.54,91.9,23412800.0
414,2018-01-22,90.0,91.62,89.74,91.61,23601600.0
415,2018-01-19,90.14,90.61,89.66,90.0,36875000.0
416,2018-01-18,89.8,90.67,89.66,90.1,24159700.0
417,2018-01-17,89.08,90.28,88.75,90.14,25621200.0
418,2018-01-16,90.1,90.79,88.01,88.35,36599700.0
419,2018-01-12,88.67,89.78,88.45,89.6,24271500.0
420,2018-01-11,88.13,88.1307,87.24,88.08,17808900.0
421,2018-01-10,87.86,88.19,87.41,87.82,18652200.0
422,2018-01-09,88.65,88.727,87.86,88.22,19484300.0
423,2018-01-08,88.2,88.58,87.605,88.28,22113000.0
424,2018-01-05,87.66,88.41,87.43,88.19,23407100.0
425,2018-01-04,86.59,87.66,86.57,87.11,21912000.0
426,2018-01-03,86.055,86.51,85.97,86.35,26061400.0
427,2018-01-02,86.125,86.31,85.5,85.95,22483800.0
428,2017-12-29,85.63,86.0561,85.5,85.54,18717400.0
429,2017-12-28,85.9,85.93,85.55,85.72,10594300.0
430,2017-12-27,85.65,85.98,85.215,85.71,14678000.0
431,2017-12-26,85.3201,85.535,85.03,85.4,9891200.0
432,2017-12-22,85.4,85.63,84.92,85.51,14145800.0
433,2017-12-21,86.05,86.1,85.4,85.5,17990700.0
434,2017-12-20,86.2,86.3,84.71,85.52,23674900.0
435,2017-12-19,86.35,86.35,85.27,85.83,23524800.0
436,2017-12-18,87.12,87.5,86.23,86.38,22283800.0
437,2017-12-15,85.26,87.0935,84.88,86.85,53936700.0
438,2017-12-14,85.43,85.874,84.5357,84.69,19306000.0
439,2017-12-13,85.7371,86.0,85.17,85.35,22062700.0
440,2017-12-12,85.31,86.05,85.08,85.58,23924100.0
441,2017-12-11,84.29,85.37,84.12,85.23,22857900.0
442,2017-12-08,83.63,84.58,83.33,84.16,24489100.0
443,2017-12-07,82.54,82.8,82.0,82.49,23184500.0
444,2017-12-06,81.55,83.14,81.43,82.78,26162100.0
445,2017-12-05,81.34,82.68,80.98,81.59,26152300.0
446,2017-12-04,84.4128,84.43,80.7,81.08,39094900.0
447,2017-12-01,83.6,84.81,83.22,84.26,29532100.0
448,2017-11-30,83.5091,84.52,83.34,84.17,33054600.0
449,2017-11-29,84.71,84.917,83.175,83.34,27381100.0
450,2017-11-28,84.07,85.06,84.02,84.88,21926000.0
451,2017-11-27,83.31,83.98,83.3,83.87,18265200.0
452,2017-11-24,83.01,83.43,82.7782,83.26,7425600.0
453,2017-11-22,83.83,83.9,83.04,83.11,20553100.0
454,2017-11-21,82.74,83.84,82.74,83.72,21237500.0
455,2017-11-20,82.4,82.5931,82.25,82.53,16315000.0
456,2017-11-17,83.12,83.12,82.24,82.4,22079000.0
457,2017-11-16,83.1,83.42,82.94,83.2,20962800.0
458,2017-11-15,83.47,83.6808,82.69,82.98,19383100.0
459,2017-11-14,83.5,84.1,82.98,84.05,18801300.0
460,2017-11-13,83.66,83.94,83.46,83.93,14196900.0
461,2017-11-10,83.79,84.095,83.23,83.87,19397800.0
462,2017-11-09,84.11,84.27,82.9,84.09,21178400.0
463,2017-11-08,84.14,84.61,83.83,84.56,18034200.0
464,2017-11-07,84.77,84.9,83.93,84.27,17939700.0
465,2017-11-06,84.2,84.7,84.08200000000001,84.47,19860900.0
466,2017-11-03,84.08,84.5379,83.4,84.14,17633500.0
467,2017-11-02,83.35,84.46,83.12,84.05,23992900.0
468,2017-11-01,83.6838,83.76,82.88,83.18,22307400.0
469,2017-10-31,84.36,84.36,83.11,83.18,27086600.0
470,2017-10-30,83.7,84.325,83.105,83.89,31756700.0
471,2017-10-27,84.37,86.2,83.61,83.81,71066700.0
472,2017-10-26,79.2,79.42,78.75,78.76,32120700.0
473,2017-10-25,78.58,79.1,78.01,78.63,20410800.0
474,2017-10-24,78.9,79.2,78.46,78.86,17517200.0
475,2017-10-23,78.99,79.34,78.76,78.83,20627200.0
476,2017-10-20,78.32,78.97,78.22,78.81,22866400.0
477,2017-10-19,77.57,77.93,77.35,77.91,15092800.0
478,2017-10-18,77.67,77.85,77.37,77.61,13300700.0
479,2017-10-17,77.47,77.62,77.25,77.59,16824000.0
480,2017-10-16,77.42,77.81,77.35,77.65,12380100.0
481,2017-10-13,77.59,77.87,77.29,77.49,15335700.0
482,2017-10-12,76.49,77.2845,76.37,77.12,16876500.0
483,2017-10-11,76.36,76.46,75.95,76.42,15388900.0
484,2017-10-10,76.33,76.63,76.14,76.29,13944500.0
485,2017-10-09,75.97,76.55,75.86,76.29,11386500.0
486,2017-10-06,75.6667,76.03,75.54,76.0,13959800.0
487,2017-10-05,75.22,76.12,74.96,75.97,21195300.0
488,2017-10-04,74.0,74.72,73.71,74.69,13317700.0
489,2017-10-03,74.67,74.88,74.195,74.26,12190400.0
490,2017-10-02,74.71,75.0053,74.295,74.61,15304800.0
491,2017-09-29,73.94,74.535,73.88,74.49,17079100.0
492,2017-09-28,73.54,73.97,73.31,73.87,10883800.0
493,2017-09-27,73.55,74.17,73.17,73.85,19565100.0
494,2017-09-26,73.67,73.81,72.99,73.26,18019600.0
495,2017-09-25,74.09,74.25,72.92,73.26,24149200.0
496,2017-09-22,73.99,74.51,73.85,74.41,14111400.0
497,2017-09-21,75.11,75.24,74.11,74.21,19186100.0
498,2017-09-20,75.35,75.55,74.31,74.94,21587900.0
499,2017-09-19,75.21,75.71,75.01,75.44,16093300.0
500,2017-09-18,75.23,75.9664,75.04,75.16,23307000.0
501,2017-09-15,74.83,75.3899,74.07,75.31,38578400.0
502,2017-09-14,75.0,75.49,74.52,74.77,15733900.0
503,2017-09-13,74.93,75.23,74.55,75.21,13380800.0
504,2017-09-12,74.76,75.24,74.37,74.68,14394900.0
505,2017-09-11,74.31,74.945,74.31,74.76,17910400.0
506,2017-09-08,74.33,74.44,73.8396,73.98,14703800.0
507,2017-09-07,73.68,74.6,73.6,74.34,17471200.0
508,2017-09-06,73.74,74.04,73.35,73.4,16535800.0
509,2017-09-05,73.34,73.89,72.98,73.61,21556000.0
510,2017-09-01,74.71,74.74,73.64,73.94,21736200.0
511,2017-08-31,74.03,74.9666,73.8,74.77,27652800.0
512,2017-08-30,73.01,74.21,72.829,74.01,16897800.0
513,2017-08-29,72.25,73.16,72.05,73.05,11478400.0
514,2017-08-28,73.06,73.09,72.55,72.83,14569700.0
515,2017-08-25,72.86,73.35,72.4783,72.82,12794300.0
516,2017-08-24,72.74,72.86,72.0658,72.69,17098300.0
517,2017-08-23,72.96,73.15,72.53,72.72,13766500.0
518,2017-08-22,72.35,73.24,72.35,73.16,14343700.0
519,2017-08-21,72.47,72.48,71.7,72.15,17734800.0
520,2017-08-18,72.27,72.84,71.93,72.49,18761500.0
521,2017-08-17,73.58,73.87,72.4,72.4,22977500.0
522,2017-08-16,73.34,74.1,73.17,73.65,18150400.0
523,2017-08-15,73.5882,73.59,73.04,73.22,19181400.0
524,2017-08-14,73.06,73.72,72.95,73.59,20096600.0
525,2017-08-11,71.61,72.7,71.28,72.5,21443700.0
526,2017-08-10,71.9,72.19,71.35,71.41,24734500.0
527,2017-08-09,72.25,72.51,72.05,72.47,22213400.0
528,2017-08-08,72.09,73.13,71.75,72.79,22044600.0
529,2017-08-07,72.8,72.9,72.26,72.4,18705700.0
530,2017-08-04,72.4,73.04,72.24,72.68,22579000.0
531,2017-08-03,72.19,72.44,71.845,72.15,18214400.0
532,2017-08-02,72.55,72.56,71.445,72.26,26499200.0
533,2017-08-01,73.0925,73.42,72.49,72.58,22132300.0
534,2017-07-31,73.3,73.44,72.41,72.7,23600100.0
535,2017-07-28,72.67,73.31,72.54,73.04,18306700.0
536,2017-07-27,73.76,74.42,72.32,73.16,36844200.0
537,2017-07-26,74.34,74.38,73.81,74.05,16252200.0
538,2017-07-25,73.8,74.31,73.5,74.19,22018700.0
539,2017-07-24,73.53,73.75,73.13,73.6,21394800.0
540,2017-07-21,73.45,74.29,73.17,73.79,46717100.0
541,2017-07-20,74.18,74.3,73.28,74.22,42361000.0
542,2017-07-19,73.5,74.04,73.45,73.86,22416200.0
543,2017-07-18,73.09,73.39,72.66,73.3,26435300.0
544,2017-07-17,72.8,73.45,72.72,73.35,21803900.0
545,2017-07-14,72.24,73.27,71.96,72.78,25868100.0
546,2017-07-13,71.5,72.04,71.31,71.77,20269800.0
547,2017-07-12,70.69,71.2837,70.55,71.15,17750900.0
548,2017-07-11,70.0,70.68,69.75,69.99,17460000.0
549,2017-07-10,69.46,70.25,69.2,69.98,15014500.0
550,2017-07-07,68.7,69.8394,68.7,69.46,16878300.0
551,2017-07-06,68.27,68.78,68.12,68.57,21117600.0
552,2017-07-05,68.255,69.44,68.22,69.08,21176300.0
553,2017-07-03,69.33,69.6,68.02,68.17,16165500.0
554,2017-06-30,68.7867,69.38,68.74,68.93,24161100.0
555,2017-06-29,69.38,69.49,68.09,68.49,28918700.0
556,2017-06-28,69.21,69.84100000000001,68.79,69.8,25806200.0
557,2017-06-27,70.112,70.18,69.18,69.21,25215100.0
558,2017-06-26,71.4,71.71,70.4492,70.53,19607000.0
559,2017-06-23,70.09,71.25,69.92,71.21,27617300.0
560,2017-06-22,70.54,70.5864,69.71,70.26,22965700.0
561,2017-06-21,70.21,70.62,69.94,70.27,19891100.0
562,2017-06-20,70.82,70.868,69.87,69.91,21512200.0
563,2017-06-19,70.5,70.945,70.3521,70.87,23798300.0
564,2017-06-16,69.73,70.025,69.22,70.0,48345100.0
565,2017-06-15,69.2619,70.21,68.8,69.9,26068700.0
566,2017-06-14,70.91,71.1,69.43,70.27,25510700.0
567,2017-06-13,70.02,70.82,69.96,70.65,25258600.0
568,2017-06-12,69.25,69.94,68.13,69.78,47761700.0
569,2017-06-09,72.035,72.08,68.5915,70.32,49187400.0
570,2017-06-08,72.51,72.52,71.5,71.95,24588300.0
571,2017-06-07,72.635,72.77,71.95,72.39,22301800.0
572,2017-06-06,72.3,72.62,72.27,72.52,31511100.0
573,2017-06-05,71.97,72.89,71.81,72.28,33316800.0
574,2017-06-02,70.44,71.86,70.24,71.76,34770300.0
575,2017-06-01,70.24,70.61,69.45100000000001,70.1,21603600.0
576,2017-05-31,70.53,70.74,69.81,69.84,30436400.0
577,2017-05-30,69.79,70.41,69.77,70.41,17072800.0
578,2017-05-26,69.8,70.22,69.52,69.96,19827900.0
579,2017-05-25,68.97,69.88,68.9077,69.62,21854100.0
580,2017-05-24,68.87,68.88,68.45,68.77,14593900.0
581,2017-05-23,68.72,68.75,68.38,68.68,15425800.0
582,2017-05-22,67.89,68.5097,67.5,68.45,16237600.0
583,2017-05-19,67.5,68.095,67.4382,67.69,26961100.0
584,2017-05-18,67.4,68.13,67.14,67.71,25201300.0
585,2017-05-17,68.8855,69.1,67.43,67.48,30548800.0
586,2017-05-16,68.23,69.44,68.16,69.41,34956000.0
587,2017-05-15,68.14,68.48,67.57,68.43,31530300.0
588,2017-05-12,68.61,68.61,68.0437,68.38,18714100.0
589,2017-05-11,68.36,68.73,68.12,68.46,28789400.0
590,2017-05-10,68.99,69.56,68.92,69.31,17977800.0
591,2017-05-09,68.86,69.28,68.68,69.04,22858400.0
592,2017-05-08,68.97,69.05,68.42,68.94,18566100.0
593,2017-05-05,68.9,69.03,68.485,69.0,19128800.0
594,2017-05-04,69.03,69.08,68.64,68.81,21749400.0
595,2017-05-03,69.38,69.38,68.71,69.08,28928000.0
596,2017-05-02,69.71,69.71,69.13,69.3,23906100.0
597,2017-05-01,68.68,69.55,68.5,69.41,31954400.0
598,2017-04-28,68.91,69.1364,67.69,68.46,39548800.0
599,2017-04-27,68.15,68.38,67.5779,68.27,34971000.0
600,2017-04-26,68.08,68.31,67.62,67.83,26190800.0
601,2017-04-25,67.9,68.04,67.6,67.92,30242700.0
602,2017-04-24,67.48,67.66,67.1,67.53,29770000.0
603,2017-04-21,65.6731,66.7,65.45,66.4,32522600.0
604,2017-04-20,65.46,65.75,65.1395,65.5,22299500.0
605,2017-04-19,65.65,65.75,64.89,65.04,26992800.0
606,2017-04-18,65.33,65.71,65.16,65.39,15155600.0
607,2017-04-17,65.04,65.49,65.01,65.48,16689300.0
608,2017-04-13,65.29,65.86,64.95,64.95,17896500.0
609,2017-04-12,65.42,65.51,65.11,65.23,17108500.0
610,2017-04-11,65.6,65.61,64.85,65.48,18791500.0
611,2017-04-10,65.61,65.82,65.36,65.53,17952700.0
612,2017-04-07,65.85,65.96,65.44,65.68,14108500.0
613,2017-04-06,65.6,66.055,65.48,65.73,18103500.0
614,2017-04-05,66.3,66.35,65.444,65.56,21448600.0
615,2017-04-04,65.39,65.81,65.28,65.73,12997400.0
616,2017-04-03,65.81,65.94,65.19,65.55,20400900.0
617,2017-03-31,65.65,66.19,65.45,65.86,21040300.0
618,2017-03-30,65.42,65.98,65.36,65.71,15122800.0
619,2017-03-29,65.12,65.5,64.94800000000001,65.47,13618400.0
620,2017-03-28,64.96,65.47,64.65,65.29,20080400.0
621,2017-03-27,64.63,65.22,64.35,65.1,18614700.0
622,2017-03-24,65.12,65.45,64.76,64.98,22617100.0
623,2017-03-23,64.94,65.235,64.765,64.87,19269200.0
624,2017-03-22,64.12,65.14,64.12,65.03,20680000.0
625,2017-03-21,65.19,65.5,64.13,64.21,26640500.0
626,2017-03-20,64.91,65.175,64.72,64.93,14598100.0
627,2017-03-17,64.91,65.24,64.68,64.87,49219700.0
628,2017-03-16,64.7467,64.76,64.3,64.64,20674300.0
629,2017-03-15,64.5485,64.92,64.25,64.75,24833800.0
630,2017-03-14,64.53,64.55,64.15,64.41,14280200.0
631,2017-03-13,65.01,65.195,64.57,64.71,20100000.0
632,2017-03-10,65.11,65.26,64.75,64.93,19538200.0
633,2017-03-09,65.19,65.2,64.48,64.73,19846800.0
634,2017-03-08,64.26,65.085,64.25,64.99,21510900.0
635,2017-03-07,64.19,64.775,64.19,64.4,18521000.0
636,2017-03-06,63.97,64.56,63.81,64.27,18750300.0
637,2017-03-03,63.99,64.28,63.62,64.25,18135900.0
638,2017-03-02,64.69,64.75,63.88,64.01,24539600.0
639,2017-03-01,64.13,64.99,64.02199999999999,64.94,26937500.0
640,2017-02-28,64.08,64.2,63.76,63.98,23239800.0
641,2017-02-27,64.54,64.54,64.045,64.23,15871500.0
642,2017-02-24,64.53,64.8,64.1375,64.62,21796800.0
643,2017-02-23,64.42,64.72800000000001,64.1949,64.62,20273100.0
644,2017-02-22,64.33,64.39,64.051,64.36,19292700.0
645,2017-02-21,64.61,64.9477,64.45,64.49,20655900.0
646,2017-02-17,64.47,64.6845,64.3,64.62,21248800.0
647,2017-02-16,64.74,65.24,64.44,64.52,20546300.0
648,2017-02-15,64.5,64.57,64.155,64.53,17005200.0
649,2017-02-14,64.41,64.72,64.02,64.57,23108400.0
650,2017-02-13,64.24,64.86,64.13,64.72,22920100.0
651,2017-02-10,64.25,64.3,63.975,64.0,18170700.0
652,2017-02-09,63.52,64.435,63.32,64.06,22644400.0
653,2017-02-08,63.57,63.81,63.22,63.34,18096400.0
654,2017-02-07,63.74,63.78,63.23,63.43,20277200.0
655,2017-02-06,63.5,63.65,63.14,63.64,19796400.0
656,2017-02-03,63.5,63.7,63.07,63.68,30301800.0
657,2017-02-02,63.2454,63.41,62.75,63.17,45827000.0
658,2017-02-01,64.355,64.62,63.47,63.58,39671500.0
659,2017-01-31,64.86,65.15,64.26,64.65,25270500.0
660,2017-01-30,65.69,65.79,64.8,65.13,31651400.0
661,2017-01-27,65.39,65.91,64.89,65.78,44818000.0
662,2017-01-26,64.12,64.535,63.55,64.27,43554600.0
663,2017-01-25,63.95,64.1,63.45,63.68,23672700.0
664,2017-01-24,63.2,63.735,62.94,63.52,24672900.0
665,2017-01-23,62.7,63.11600000000001,62.5695,62.96,23097600.0
666,2017-01-20,62.67,62.82,62.37,62.74,30213500.0
667,2017-01-19,62.24,62.98,62.195,62.3,18451700.0
668,2017-01-18,62.6702,62.7,62.12,62.5,19670100.0
669,2017-01-17,62.68,62.7,62.0272,62.53,20664000.0
670,2017-01-13,62.62,62.865,62.35,62.7,19422300.0
671,2017-01-12,63.06,63.396,61.95,62.61,20968200.0
672,2017-01-11,62.61,63.23,62.43,63.19,21517300.0
673,2017-01-10,62.731,63.07,62.28,62.62,18593000.0
674,2017-01-09,62.76,63.08,62.54,62.64,20382700.0
675,2017-01-06,62.3,63.15,62.04,62.84,19922900.0
676,2017-01-05,62.19,62.66,62.03,62.3,24876000.0
677,2017-01-04,62.48,62.75,62.12,62.3,21340000.0
678,2017-01-03,62.79,62.84,62.125,62.58,20694100.0
679,2016-12-30,62.96,62.99,62.03,62.14,25579900.0
680,2016-12-29,62.86,63.2,62.73,62.9,10250600.0
681,2016-12-28,63.4,63.4009,62.83,62.99,14653300.0
682,2016-12-27,63.21,64.07,63.21,63.28,11763200.0
683,2016-12-23,63.45,63.54,62.8,63.24,12403800.0
684,2016-12-22,63.84,64.1,63.405,63.55,22176600.0
685,2016-12-21,63.43,63.7,63.12,63.54,17096300.0
686,2016-12-20,63.69,63.8,63.023999999999994,63.54,26028400.0
687,2016-12-19,62.56,63.77,62.42,63.62,34338200.0
688,2016-12-16,62.95,62.95,62.115,62.3,42453100.0
689,2016-12-15,62.7,63.153999999999996,62.3,62.58,27669900.0
690,2016-12-14,63.005,63.45,62.53,62.68,30352700.0
691,2016-12-13,62.5,63.42,62.24,62.98,35718900.0
692,2016-12-12,61.82,62.3,61.72,62.17,20198100.0
693,2016-12-09,61.18,61.99,61.125,61.97,27349400.0
694,2016-12-08,61.3,61.58,60.84,61.01,21220800.0
695,2016-12-07,60.01,61.38,59.8,61.37,30809000.0
696,2016-12-06,60.43,60.46,59.8,59.95,19907000.0
697,2016-12-05,59.7,60.585,59.56,60.22,23552700.0
698,2016-12-02,59.08,59.47,58.8,59.25,25515700.0
699,2016-12-01,60.11,60.15,58.935,59.2,34542100.0
700,2016-11-30,60.86,61.18,60.215,60.26,34655400.0
701,2016-11-29,60.65,61.41,60.52,61.09,22366700.0
702,2016-11-28,60.34,61.02,60.21,60.61,20732600.0
703,2016-11-25,60.3,60.53,60.13,60.53,8409600.0
704,2016-11-23,61.01,61.1,60.25,60.4,21848900.0
705,2016-11-22,60.98,61.2564,60.805,61.12,23206700.0
706,2016-11-21,60.5,60.97,60.42,60.86,19652600.0
707,2016-11-18,60.78,61.14,60.3,60.35,27686300.0
708,2016-11-17,60.41,60.95,59.965,60.64,32132700.0
709,2016-11-16,58.94,59.66,58.81,59.65,27332500.0
710,2016-11-15,58.33,59.49,58.315,58.87,35904100.0
711,2016-11-14,59.02,59.0799,57.28,58.12,41328400.0
712,2016-11-11,58.23,59.11600000000001,58.0095,59.02,38767800.0
713,2016-11-10,60.48,60.49,57.63,58.7,57822400.0
714,2016-11-09,60.0,60.59,59.2,60.17,49632500.0
715,2016-11-08,60.55,60.78,60.15,60.47,22935400.0
716,2016-11-07,59.7751,60.52,59.78,60.42,31664800.0
717,2016-11-04,58.65,59.28,58.52,58.71,28697000.0
718,2016-11-03,59.53,59.6443,59.11,59.21,21600400.0
719,2016-11-02,59.82,59.93,59.3,59.43,22147000.0
720,2016-11-01,59.97,60.02,59.25,59.8,24533000.0
721,2016-10-31,60.16,60.42,59.92,59.92,26434700.0
722,2016-10-28,60.01,60.52,59.58,59.87,33574700.0
723,2016-10-27,60.6065,60.83,60.09,60.1,28479900.0
724,2016-10-26,60.81,61.2,60.47,60.63,29911600.0
725,2016-10-25,60.85,61.37,60.8,60.99,35137200.0
726,2016-10-24,59.94,61.0,59.93,61.0,54067000.0
727,2016-10-21,60.28,60.45,59.485,59.66,80032200.0
728,2016-10-20,57.5,57.52,56.66,57.25,49455600.0
729,2016-10-19,57.4678,57.84,57.395,57.53,22878400.0
730,2016-10-18,57.53,57.945,57.41,57.66,19149500.0
731,2016-10-17,57.36,57.46,56.8698,57.22,23830000.0
732,2016-10-14,57.12,57.74,57.12,57.42,27402500.0
733,2016-10-13,56.7,57.3,56.315,56.92,25313700.0
734,2016-10-12,57.11,57.2747,56.4,57.11,22177500.0
735,2016-10-11,57.89,58.02,56.89,57.19,26497400.0
736,2016-10-10,57.91,58.39,57.8713,58.04,18196500.0
737,2016-10-07,57.85,57.98,57.42,57.8,20089000.0
738,2016-10-06,57.74,57.86,57.28,57.74,16212600.0
739,2016-10-05,57.29,57.96,57.26,57.64,16726400.0
740,2016-10-04,57.27,57.595,56.9751,57.24,20085900.0
741,2016-10-03,57.405,57.55,57.06,57.42,19189500.0
742,2016-09-30,57.57,57.77,57.34,57.6,29910800.0
743,2016-09-29,57.81,58.168,57.21,57.4,25463500.0
744,2016-09-28,57.88,58.06,57.67,58.03,20536400.0
745,2016-09-27,56.93,58.0629,56.681000000000004,57.95,28065100.0
746,2016-09-26,57.0841,57.14,56.83,56.9,21688700.0
747,2016-09-23,57.87,57.91,57.38,57.43,19955300.0
748,2016-09-22,57.92,58.0,57.63,57.82,19822200.0
749,2016-09-21,57.51,57.85,57.08,57.76,33707300.0
750,2016-09-20,57.35,57.35,56.75,56.81,17384000.0
751,2016-09-19,57.27,57.75,56.85,56.93,20937100.0
752,2016-09-16,57.63,57.63,56.75,57.25,44607000.0
753,2016-09-15,56.15,57.3484,55.98,57.19,26847000.0
754,2016-09-14,56.39,56.63,56.03,56.26,24062500.0
755,2016-09-13,56.5,56.65,56.05,56.53,30130200.0
756,2016-09-12,56.0,57.205,55.61,57.05,29303000.0
757,2016-09-09,56.79,57.52,56.21,56.21,35113900.0
758,2016-09-08,57.63,57.7908,57.18,57.43,20146100.0
759,2016-09-07,57.47,57.84,57.405,57.66,17493400.0
760,2016-09-06,57.78,57.8,57.21,57.61,16278400.0
761,2016-09-02,57.67,58.19,57.42,57.67,18900500.0
762,2016-09-01,57.01,57.82,57.01,57.59,26075400.0
763,2016-08-31,57.6496,57.8,57.3,57.46,20860300.0
764,2016-08-30,57.98,58.19,57.61,57.89,16930200.0
765,2016-08-29,58.18,58.6,58.1,58.1,16417200.0
766,2016-08-26,58.28,58.7,57.69,58.03,20971200.0
767,2016-08-25,57.88,58.29,57.78,58.17,18552600.0
768,2016-08-24,57.8,58.04,57.715,57.95,18151500.0
769,2016-08-23,57.9,58.18,57.85,57.89,18732400.0
770,2016-08-22,57.6,57.75,57.26,57.67,15221900.0
771,2016-08-19,57.43,57.7299,57.2,57.62,17271000.0
772,2016-08-18,57.42,57.7,57.27,57.6,14214300.0
773,2016-08-17,57.54,57.68,57.23,57.56,18856400.0
774,2016-08-16,57.61,57.62,57.27,57.44,20523500.0
775,2016-08-15,58.01,58.5016,57.96,58.12,19283900.0
776,2016-08-12,58.03,58.19,57.62,57.94,21655200.0
777,2016-08-11,58.0275,58.45,58.03,58.3,18162300.0
778,2016-08-10,58.16,58.32,57.82,58.02,15756900.0
779,2016-08-09,58.17,58.5,58.02,58.2,16920700.0
780,2016-08-08,58.055,58.085,57.78,58.06,19473500.0
781,2016-08-05,57.65,58.21,57.45,57.96,29335200.0
782,2016-08-04,56.8,57.519,56.67,57.39,26587700.0
783,2016-08-03,56.68,57.11,56.4931,56.97,22075600.0
784,2016-08-02,56.85,56.9,56.31,56.58,35122000.0
785,2016-08-01,56.6,56.75,56.14,56.58,26003400.0
786,2016-07-29,56.26,56.76,56.05,56.68,30558700.0
787,2016-07-28,56.0,56.37,55.72,56.21,37550400.0
788,2016-07-27,56.61,56.8,56.11,56.19,32327500.0
789,2016-07-26,56.52,57.29,56.51,56.76,28079000.0
790,2016-07-25,56.47,56.74,56.255,56.73,25610600.0
791,2016-07-22,56.08,56.626999999999995,55.78,56.57,32157200.0
792,2016-07-21,55.98,56.23,55.76,55.8,32776700.0
793,2016-07-20,56.15,56.8409,55.53,55.91,89893300.0
794,2016-07-19,53.71,53.9,52.93,53.09,53336500.0
795,2016-07-18,53.7,54.34,53.55,53.96,31433900.0
796,2016-07-15,53.95,54.0,53.21,53.7,32024400.0
797,2016-07-14,53.84,53.99,53.58,53.74,24545500.0
798,2016-07-13,53.56,53.86,53.18,53.51,25356800.0
799,2016-07-12,52.94,53.4,52.785,53.21,27317600.0
800,2016-07-11,52.5,52.83,52.47,52.59,22269200.0
801,2016-07-08,51.73,52.36,51.55,52.3,28391000.0
802,2016-07-07,51.42,51.61,51.07,51.38,19585200.0
803,2016-07-06,50.78,51.54,50.3875,51.38,28167500.0
804,2016-07-05,50.83,51.28,50.7387,51.17,24806400.0
805,2016-07-01,51.13,51.72,51.07,51.16,21400400.0
806,2016-06-30,50.72,51.3,50.5,51.17,28527800.0
807,2016-06-29,49.91,50.72,49.8,50.54,31304000.0
808,2016-06-28,48.92,49.47,48.67,49.44,38140700.0
809,2016-06-27,49.1,49.147,48.035,48.43,50216300.0
810,2016-06-24,49.81,50.94,49.52,49.83,133503000.0
811,2016-06-23,51.28,52.06,51.15,51.91,29028800.0
812,2016-06-22,51.08,51.46,50.953,50.99,28816800.0
813,2016-06-21,50.2,51.43,50.1588,51.19,34097800.0
814,2016-06-20,50.64,50.83,50.03,50.07,35607900.0
815,2016-06-17,50.41,50.43,49.82,50.13,45710500.0
816,2016-06-16,49.52,50.47,49.507,50.39,31188600.0
817,2016-06-15,49.78,50.12,49.69,49.69,33757600.0
818,2016-06-14,49.9,50.1,49.57,49.83,42577100.0
819,2016-06-13,49.58,50.715,49.06,50.14,83217800.0
820,2016-06-10,51.05,52.05,51.04,51.48,25833200.0
821,2016-06-09,52.0,52.0,51.49,51.62,20305700.0
822,2016-06-08,52.0209,52.44,51.87,52.04,21149400.0
823,2016-06-07,52.24,52.73,52.1,52.1,20866800.0
824,2016-06-06,51.99,52.35,51.89,52.13,18243300.0
825,2016-06-03,52.38,52.42,51.6,51.79,23368300.0
826,2016-06-02,52.64,52.74,51.8365,52.48,22840800.0
827,2016-06-01,52.44,52.95,52.44,52.85,25324800.0
828,2016-05-31,52.26,53.0,52.08,53.0,37653100.0
829,2016-05-27,51.92,52.32,51.77,52.32,17721400.0
830,2016-05-26,51.9274,51.979,51.36,51.89,24335200.0
831,2016-05-25,51.92,52.49,51.79,52.12,24040200.0
832,2016-05-24,50.7,51.71,50.3977,51.59,34757900.0
833,2016-05-23,50.6,50.68,49.98,50.03,26118700.0
834,2016-05-20,50.48,51.22,50.4,50.62,23905800.0
835,2016-05-19,50.47,50.62,49.82,50.32,23842400.0
836,2016-05-18,50.48,51.14,50.3,50.81,24907500.0
837,2016-05-17,51.72,51.73,50.36,50.51,27803500.0
838,2016-05-16,50.8,51.96,50.75,51.83,20032000.0
839,2016-05-13,51.44,51.895,51.04,51.08,22592300.0
840,2016-05-12,51.2,51.81,50.92,51.51,24102800.0
841,2016-05-11,51.13,51.78,51.0,51.05,24039100.0
842,2016-05-10,50.3313,51.1,50.19,51.02,22891000.0
843,2016-05-09,50.49,50.585,50.0,50.07,17951600.0
844,2016-05-06,49.92,50.39,49.66,50.39,24787300.0
845,2016-05-05,49.87,50.2984,49.73,49.94,25390700.0
846,2016-05-04,49.84,50.06,49.46,49.87,24257600.0
847,2016-05-03,50.34,50.41,49.6,49.78,26460200.0
848,2016-05-02,50.0,50.75,49.78,50.61,33114500.0
849,2016-04-29,49.35,50.25,49.35,49.87,48411700.0
850,2016-04-28,50.62,50.77,49.56,49.9,43134800.0
851,2016-04-27,51.4837,51.5,50.55,50.94,43369300.0
852,2016-04-26,52.26,52.35,51.09,51.44,33532600.0
853,2016-04-25,51.78,52.13,51.63,52.11,33226900.0
854,2016-04-22,51.91,52.43,50.77,51.78,126834100.0
855,2016-04-21,55.8,56.23,55.415,55.78,38909100.0
856,2016-04-20,56.29,56.5,55.485,55.59,36195700.0
857,2016-04-19,56.63,56.77,55.68,56.39,29596800.0
858,2016-04-18,55.49,56.59,55.21,56.46,23786000.0
859,2016-04-15,55.3,55.92,55.11,55.65,28793800.0
860,2016-04-14,55.22,55.575,55.07,55.36,20877100.0
861,2016-04-13,55.12,55.438,54.8927,55.35,20818000.0
862,2016-04-12,54.37,54.78,53.76,54.65,24944300.0
863,2016-04-11,54.49,55.15,54.3,54.31,21414200.0
864,2016-04-08,54.67,55.28,54.32,54.42,22167200.0
865,2016-04-07,54.87,54.91,54.23,54.46,19225100.0
866,2016-04-06,54.36,55.2,54.2084,55.12,21188700.0
867,2016-04-05,55.19,55.3,54.46,54.56,19272300.0
868,2016-04-04,55.43,55.66,55.0003,55.43,18928800.0
869,2016-04-01,55.0475,55.61,54.57,55.57,24399200.0
870,2016-03-31,54.95,55.59,54.86,55.23,26360500.0
871,2016-03-30,54.93,55.64,54.9,55.05,23008300.0
872,2016-03-29,53.66,54.8575,53.45,54.71,23924300.0
873,2016-03-28,54.21,54.29,53.33,53.54,17025100.0
874,2016-03-24,53.8406,54.33,53.73,54.21,19950000.0
875,2016-03-23,54.11,54.24,53.74,53.97,20129000.0
876,2016-03-22,53.61,54.25,53.46,54.07,23124100.0
877,2016-03-21,53.25,53.93,52.93,53.86,23925700.0
878,2016-03-18,54.92,54.97,53.445,53.49,67625500.0
879,2016-03-17,54.21,55.0,54.0,54.66,28223900.0
880,2016-03-16,53.45,54.6,53.4038,54.35,31691700.0
881,2016-03-15,52.75,53.59,52.7427,53.59,21104800.0
882,2016-03-14,52.7063,53.59,52.63,53.17,24083600.0
883,2016-03-11,53.0,53.07,52.38,53.07,32275700.0
884,2016-03-10,52.93,52.9353,51.16,52.05,38387800.0
885,2016-03-09,51.89,52.85,51.855,52.84,28251600.0
886,2016-03-08,50.8,52.13,50.595,51.65,33835100.0
887,2016-03-07,51.56,51.8,50.58,51.03,38407800.0
888,2016-03-04,52.4,52.45,51.71,52.03,33034200.0
889,2016-03-03,52.97,52.97,51.78,52.35,24427800.0
890,2016-03-02,52.41,52.96,52.155,52.95,29289900.0
891,2016-03-01,50.97,52.59,50.92,52.58,33024500.0
892,2016-02-29,51.35,51.65,50.66,50.88,31654000.0
893,2016-02-26,52.6,52.68,51.1,51.3,35975900.0
894,2016-02-25,51.73,52.1,50.6091,52.1,26939500.0
895,2016-02-24,50.69,51.5,50.2,51.36,33014500.0
896,2016-02-23,52.34,52.37,50.98,51.18,28895300.0
897,2016-02-22,52.28,53.0,52.28,52.65,25008300.0
898,2016-02-19,51.97,52.2747,51.53,51.82,33559100.0
899,2016-02-18,52.33,52.95,52.1,52.19,27176000.0
900,2016-02-17,51.49,52.77,51.45,52.42,40789000.0
901,2016-02-16,50.9,51.0964,50.13,51.09,37291200.0
902,2016-02-12,50.25,50.68,49.75,50.5,34243300.0
903,2016-02-11,48.675,50.11,48.51,49.69,48878600.0
904,2016-02-10,49.89,50.39,49.52,49.71,38237000.0
905,2016-02-09,49.02,50.2434,48.67,49.28,46740500.0
906,2016-02-08,49.55,49.57,48.19,49.41,59290500.0
907,2016-02-05,51.94,52.0,49.56,50.16,62009000.0
908,2016-02-04,52.1,52.81,51.37,52.0,46987100.0
909,2016-02-03,53.25,53.39,51.26,52.16,57559800.0
910,2016-02-02,54.17,54.26,52.65,53.0,56313800.0
911,2016-02-01,54.88,55.09,54.495,54.71,44208500.0
912,2016-01-29,54.7251,55.09,54.0,55.09,83611700.0
913,2016-01-28,51.86,52.214,51.25,52.055,62513800.0
914,2016-01-27,52.01,52.2,51.02,51.22,36775200.0
915,2016-01-26,51.79,52.44,51.55,52.17,28900800.0
916,2016-01-25,51.94,52.65,51.65,51.79,34707700.0
917,2016-01-22,51.408,52.33,51.26,52.29,37555800.0
918,2016-01-21,51.0,51.58,50.3,50.48,40191200.0
919,2016-01-20,49.98,51.38,49.1,50.79,63273000.0
920,2016-01-19,51.48,51.68,50.06,50.56,43564500.0
921,2016-01-15,51.31,51.97,50.34,50.99,71820700.0
922,2016-01-14,52.0,53.416000000000004,51.57,53.11,52381900.0
923,2016-01-13,53.8,54.07,51.303999999999995,51.64,66883600.0
924,2016-01-12,52.76,53.1,52.06,52.78,36095500.0
925,2016-01-11,52.51,52.85,51.46,52.3,36943800.0
926,2016-01-08,52.37,53.2815,52.15,52.33,48754000.0
927,2016-01-07,52.7,53.485,52.07,52.17,56564900.0
928,2016-01-06,54.32,54.4,53.64,54.05,39518900.0
929,2016-01-05,54.93,55.39,54.54,55.05,34079700.0
930,2016-01-04,54.32,54.8,53.39,54.8,53778000.0
931,2015-12-31,56.04,56.19,55.42,55.48,27334100.0
932,2015-12-30,56.47,56.78,56.288000000000004,56.31,21704500.0
933,2015-12-29,56.29,56.85,56.06,56.55,27731400.0
934,2015-12-28,55.35,55.95,54.98,55.95,22458300.0
935,2015-12-24,55.86,55.96,55.43,55.67,9558500.0
936,2015-12-23,55.7,55.88,55.44,55.82,27279800.0
937,2015-12-22,54.99,55.48,54.497,55.35,28322200.0
938,2015-12-21,54.88,55.35,54.226000000000006,54.83,37246300.0
939,2015-12-18,55.77,56.0,54.03,54.13,84684200.0
940,2015-12-17,56.36,56.79,55.535,55.7,41280900.0
941,2015-12-16,55.54,56.245,54.76,56.13,37503300.0
942,2015-12-15,55.66,55.9,55.09,55.2,39843000.0
943,2015-12-14,54.33,55.21,53.68,55.14,46768900.0
944,2015-12-11,54.7077,55.1,54.01,54.06,39549500.0
945,2015-12-10,55.39,55.655,55.01,55.27,31775800.0
946,2015-12-09,55.37,55.87,54.51,54.98,36373200.0
947,2015-12-08,55.47,56.1,54.9898,55.79,32878000.0
948,2015-12-07,55.79,55.97,55.29,55.81,30709800.0
949,2015-12-04,54.12,56.23,54.1,55.91,43963700.0
950,2015-12-03,55.49,55.77,53.93,54.2,38627800.0
951,2015-12-02,55.32,55.96,55.06,55.21,47274900.0
952,2015-12-01,54.41,55.23,54.3,55.22,39952800.0
953,2015-11-30,54.54,54.96,54.0,54.35,56241400.0
954,2015-11-27,53.8,54.08,53.79,53.93,9009100.0
955,2015-11-25,54.09,54.23,53.6914,53.69,21005100.0
956,2015-11-24,53.92,54.44,53.58,54.25,24600000.0
957,2015-11-23,54.2518,54.46,53.75,54.19,28235900.0
958,2015-11-20,54.25,54.3,53.265,54.19,37147600.0
959,2015-11-19,53.99,54.66,53.781000000000006,53.94,28149200.0
960,2015-11-18,53.0,53.98,52.98,53.85,29710000.0
961,2015-11-17,53.17,53.53,52.85,52.97,31551300.0
962,2015-11-16,53.08,53.89,52.85,53.765,32165200.0
963,2015-11-13,53.07,53.29,52.53,52.84,36848200.0
964,2015-11-12,53.48,53.979,53.19,53.32,35361100.0
965,2015-11-11,53.7,54.2,53.46,53.65,36516300.0
966,2015-11-10,54.07,54.13,53.27,53.51,55283700.0
967,2015-11-09,54.55,54.87,53.56,54.16,32513100.0
968,2015-11-06,54.085,54.98,53.964,54.92,32851200.0
969,2015-11-05,54.49,54.7,54.0,54.38,31468500.0
970,2015-11-04,54.18,54.88,54.0624,54.4,37087800.0
971,2015-11-03,52.93,54.39,52.9,54.15,36596900.0
972,2015-11-02,52.85,53.36,52.62,53.24,30285000.0
973,2015-10-30,53.32,53.99,52.62,52.64,46619800.0
974,2015-10-29,53.5412,53.83,53.22,53.36,30202100.0
975,2015-10-28,53.54,53.98,52.86,53.98,47000800.0
976,2015-10-27,53.99,54.37,53.58,53.69,50999900.0
977,2015-10-26,52.53,54.32,52.5,54.25,64633300.0
978,2015-10-23,52.3,54.0698,52.25,52.87,135227100.0
979,2015-10-22,47.53,48.95,47.09,48.03,56637100.0
980,2015-10-21,47.9214,47.99,47.11,47.2,25144300.0
981,2015-10-20,47.44,47.81,47.02,47.77,30802200.0
982,2015-10-19,47.42,47.88,47.02,47.62,29387600.0
983,2015-10-16,47.0156,47.54,46.897,47.51,26450300.0
984,2015-10-15,47.01,47.03,46.53,47.01,27189400.0
985,2015-10-14,46.6463,47.1,46.53,46.68,24697800.0
986,2015-10-13,46.5572,47.13,46.56,46.89,19987800.0
987,2015-10-12,46.98,47.07,46.5,47.0,19769100.0
988,2015-10-09,47.45,47.5421,46.92,47.11,28600600.0
989,2015-10-08,46.56,47.515,46.5,47.45,33772700.0
990,2015-10-07,47.1,47.35,45.95,46.8,27711500.0
991,2015-10-06,46.33,47.175,46.22,46.75,27017200.0
992,2015-10-05,45.745,46.89,45.7,46.63,34369300.0
993,2015-10-02,44.27,45.57,43.92,45.57,41839000.0
994,2015-10-01,44.75,44.75,43.75,44.61,28657900.0
995,2015-09-30,43.8815,44.3,43.66,44.26,34958900.0
996,2015-09-29,43.37,43.57,43.0519,43.44,32763600.0
997,2015-09-28,43.8275,44.085,43.205,43.29,27613800.0
998,2015-09-25,44.48,44.73,43.76,43.94,29384600.0
999,2015-09-24,43.45,44.13,43.27,43.91,27905600.0
1000,2015-09-23,43.93,44.17,43.51,43.87,17145200.0
